nome,cpf,endereco,plano
Mariah Aparecida,48732659083,"Conjunto de da Paz, 51, Castelo, São Paulo, SP, Brasil",Ouro
Clara das Neves,19534028606,"Vereda de Costela, 977, Guaratã, São Paulo, SP, Brasil",Ouro
Yan Albuquerque,16043298589,"Campo de Correia, 333, Vista Do Sol, São Paulo, SP, Brasil",Diamante
Melissa Borges,15702483626,"Loteamento de Nogueira, 99, Túnel De Ibirité, São Paulo, SP, Brasil",Bronze
Pedro Miguel Borges,96541270830,"Vale Ribeiro, 27, Brasil Industrial, São Paulo, SP, Brasil",Prata
Caroline Cassiano,01675423970,"Viela Pastor, 59, Paulo Vi, São Paulo, SP, Brasil",Diamante
Maria Alice Barros,51749280620,"Ladeira de Camargo, 35, Lorena, São Paulo, SP, Brasil",Bronze
Ana Liz Brito,23064578910,"Estrada de Pereira, 216, Mariquinhas, São Paulo, SP, Brasil",Ouro
Arthur Miguel Pereira,03259817603,"Alameda de Nogueira, 29, Floresta, São Paulo, SP, Brasil",Diamante
Bernardo Câmara,14539068270,"Passarela de Costa, 85, Aparecida, São Paulo, SP, Brasil",Básico
Eloá Sampaio,30261748580,"Estação de Albuquerque, 96, Silveira, São Paulo, SP, Brasil",Ouro
Luiz Henrique Gomes,42035786983,"Ladeira de Carvalho, 67, Vera Cruz, São Paulo, SP, Brasil",Prata
Luiz Henrique Pastor,92435607865,"Loteamento de Castro, 83, Minas Caixa, São Paulo, SP, Brasil",Bronze
Dra. Maria Vitória Andrade,69013725406,"Rua Mariah Novais, 800, Leonina, São Paulo, SP, Brasil",Ouro
Ravi Lucca Aragão,63195704234,"Aeroporto Paulo Albuquerque, 9, Vila Aeroporto, São Paulo, SP, Brasil",Bronze
Gabriel Campos,93425107607,"Chácara de Almeida, 27, Santa Efigênia, São Paulo, SP, Brasil",Básico
Davi Luiz Rezende,85167203490,"Viela da Luz, 155, Gutierrez, São Paulo, SP, Brasil",Diamante
Dra. Sabrina Silva,76584193209,"Conjunto Cassiano, 65, Vila Suzana Segunda Seção, São Paulo, SP, Brasil",Diamante
Sr. Lucca Vasconcelos,90821564315,"Conjunto de da Rocha, 8, Vila Ouro Minas, São Paulo, SP, Brasil",Ouro
Benicio das Neves,28193647050,"Sítio Mendes, 65, Casa Branca, São Paulo, SP, Brasil",Prata
Bruna Sampaio,76028145335,"Chácara de Azevedo, 4, Vila Puc, São Paulo, SP, Brasil",Ouro
Bento Gomes,01647238978,"Chácara Emilly Câmara, 39, Novo Tupi, São Paulo, SP, Brasil",Bronze
Luiz Henrique Camargo,10765984202,"Favela Bryan Cunha, 421, Pilar, São Paulo, SP, Brasil",Prata
Maria Cecília Nogueira,21784359637,"Largo de Monteiro, 93, Vera Cruz, São Paulo, SP, Brasil",Bronze
Anthony Fernandes,59041283633,"Recanto de Azevedo, 9, Vila Jardim Montanhes, São Paulo, SP, Brasil",Diamante
Benício Câmara,20483916560,"Rodovia Giovanna Moura, 209, Vila Inestan, São Paulo, SP, Brasil",Básico
Ana Vitória Souza,63479851010,"Viaduto Abreu, 94, Solimoes, São Paulo, SP, Brasil",Prata
Lucas Gabriel Azevedo,74863590229,"Conjunto de da Costa, 15, Aparecida 7ª Seção, São Paulo, SP, Brasil",Bronze
Maria Vitória Casa Grande,71269305859,"Quadra Calebe Brito, 12, Andiroba, São Paulo, SP, Brasil",Diamante
Caroline Pires,51983704601,"Vereda de Fernandes, 5, Vila Suzana Primeira Seção, São Paulo, SP, Brasil",Prata
Mathias da Rocha,18307526930,"Vereda Dom Aparecida, 8, Grota, São Paulo, SP, Brasil",Prata
Vicente Rios,93805472188,"Distrito Lima, 261, Nova Esperança, São Paulo, SP, Brasil",Básico
Carlos Eduardo Leão,20735681902,"Jardim de Barros, 21, Maria Virgínia, São Paulo, SP, Brasil",Ouro
Srta. Manuella Ferreira,20369814533,"Viaduto Rocha, 1, Jardim Guanabara, São Paulo, SP, Brasil",Básico
Sr. Igor Casa Grande,27139580405,"Loteamento Maria Júlia da Rocha, 68, Copacabana, São Paulo, SP, Brasil",Prata
Anna Liz Caldeira,84231596042,"Estação da Rocha, 16, Belvedere, São Paulo, SP, Brasil",Básico
Antônio Gonçalves,19237465025,"Praça de da Rosa, 41, Paraíso, São Paulo, SP, Brasil",Ouro
Maria Eduarda Porto,80639721559,"Lago Maria Julia Borges, 51, Camponesa 2ª Seção, São Paulo, SP, Brasil",Ouro
Daniela Vieira,76283510426,"Rua João Miguel Fogaça, 81, Vila Rica, São Paulo, SP, Brasil",Ouro
Juan Abreu,79012853460,"Recanto Francisco Rocha, 93, Vila Santo Antônio, São Paulo, SP, Brasil",Básico
Lara Pires,01459628306,"Colônia Thiago Fogaça, 23, Aparecida 7ª Seção, São Paulo, SP, Brasil",Básico
João das Neves,85147906258,"Rua João Felipe Oliveira, 238, Nova Cachoeirinha, São Paulo, SP, Brasil",Bronze
Ísis Guerra,49728150601,"Passarela Maria Helena Carvalho, 845, Vila Piratininga, São Paulo, SP, Brasil",Bronze
Helena Mendes,78539061457,"Residencial de Aragão, 630, Pongelupe, São Paulo, SP, Brasil",Bronze
Alexia Moura,19602745380,"Vereda Ana Siqueira, 52, Custodinha, São Paulo, SP, Brasil",Diamante
Pedro Henrique Marques,56273914052,"Largo de Cardoso, 82, Maravilha, São Paulo, SP, Brasil",Ouro
Mariane Mendonça,63871405957,"Vereda Barros, 15, Vila Piratininga, São Paulo, SP, Brasil",Diamante
Emanuella da Conceição,94158267382,"Vereda Sampaio, 886, Santa Cecilia, São Paulo, SP, Brasil",Bronze
Renan Cunha,54076129849,"Aeroporto de Carvalho, 7, Vila Ipiranga, São Paulo, SP, Brasil",Ouro
Miguel Novais,37924051643,"Quadra de Duarte, 90, Atila De Paiva, São Paulo, SP, Brasil",Diamante
Léo Barros,38516247937,"Recanto Catarina Silva, 50, João Pinheiro, São Paulo, SP, Brasil",Diamante
Ana Sophia Albuquerque,79803541684,"Chácara da Costa, 3, Nova Cintra, São Paulo, SP, Brasil",Ouro
Pedro Lucas Pimenta,16809537295,"Morro Antonella Lopes, 9, São Luiz, São Paulo, SP, Brasil",Básico
Vitor Hugo Viana,34786921050,"Condomínio Pimenta, 3, Vila Paquetá, São Paulo, SP, Brasil",Ouro
Isadora Cunha,40678532117,"Travessa Fogaça, 58, Estrela Do Oriente, São Paulo, SP, Brasil",Diamante
Srta. Ana Luiza Moreira,45328769074,"Aeroporto Novaes, 155, Xodo-Marize, São Paulo, SP, Brasil",Básico
Miguel Cassiano,28176350940,"Parque Fogaça, 892, Mangabeiras, São Paulo, SP, Brasil",Ouro
Apollo Moura,95732018441,"Residencial de Sousa, 68, Vila Minaslandia, São Paulo, SP, Brasil",Prata
José Pedro Carvalho,96382570400,"Largo Silveira, 85, Vila Fumec, São Paulo, SP, Brasil",Ouro
Dra. Heloisa da Luz,52408769329,"Alameda Mariane Pires, 1, Gameleira, São Paulo, SP, Brasil",Diamante
Anthony Gabriel Câmara,51029387460,"Distrito Elisa das Neves, 75, Mineirão, São Paulo, SP, Brasil",Diamante
Nicolas da Luz,89760451220,"Aeroporto Montenegro, 99, Grajaú, São Paulo, SP, Brasil",Ouro
Dra. Clara Barros,53210647925,"Trevo Gustavo Henrique Pinto, 12, Granja Werneck, São Paulo, SP, Brasil",Bronze
Dr. Apollo Pires,07126839413,"Passarela Fernandes, 77, Alpes, São Paulo, SP, Brasil",Ouro
Vinícius da Paz,87064523965,"Passarela Isaque Guerra, 17, Alto Caiçaras, São Paulo, SP, Brasil",Bronze
Arthur Gabriel da Cunha,94368521773,"Condomínio Nunes, 93, Vila Ipiranga, São Paulo, SP, Brasil",Ouro
Sr. Eduardo Farias,09276541306,"Trevo Lorena Cavalcante, 3, Solimoes, São Paulo, SP, Brasil",Diamante
Pedro Miguel Cardoso,50796218340,"Estação Sofia Cavalcante, 3, Tiradentes, São Paulo, SP, Brasil",Básico
Thiago Pires,86927501401,"Setor Sara Novaes, 45, Vila Nossa Senhora Do Rosário, São Paulo, SP, Brasil",Básico
Cecília Abreu,82693057400,"Núcleo Moura, 63, Vila Betânia, São Paulo, SP, Brasil",Básico
Sra. Allana Siqueira,39418057620,"Colônia de Correia, 27, Coração Eucarístico, São Paulo, SP, Brasil",Básico
Maria Laura da Mata,46592078111,"Jardim Costa, 76, Vila São João Batista, São Paulo, SP, Brasil",Básico
Maria Julia Sampaio,07564128976,"Recanto Rebeca Carvalho, 2, Serrano, São Paulo, SP, Brasil",Básico
Dr. André Azevedo,31702658490,"Ladeira de Jesus, 39, Nossa Senhora Da Conceição, São Paulo, SP, Brasil",Diamante
Thomas Araújo,29835047197,"Morro Pacheco, 2, Senhor Dos Passos, São Paulo, SP, Brasil",Bronze
João Costa,45962730143,"Distrito de Andrade, 128, Luxemburgo, São Paulo, SP, Brasil",Básico
Sr. Gael Ramos,73941258079,"Chácara de Moreira, 20, Califórnia, São Paulo, SP, Brasil",Diamante
Maria Nunes,75642013980,"Conjunto Almeida, 49, Atila De Paiva, São Paulo, SP, Brasil",Bronze
Ana Liz Sampaio,46095127858,"Praia Fogaça, 594, Serra Verde, São Paulo, SP, Brasil",Diamante
Maria Sophia Cirino,07413928523,"Morro Almeida, 16, Laranjeiras, São Paulo, SP, Brasil",Básico
Sabrina Melo,10672843978,"Colônia Maria Julia Andrade, 58, Aparecida 7ª Seção, São Paulo, SP, Brasil",Prata
Marcos Vinicius Fernandes,28916547300,"Recanto Pires, 40, Gameleira, São Paulo, SP, Brasil",Básico
Larissa Farias,23516847026,"Travessa Apollo Castro, 306, Confisco, São Paulo, SP, Brasil",Diamante
Apollo Duarte,80976415348,"Pátio Lopes, 353, Marieta 2ª Seção, São Paulo, SP, Brasil",Prata
Helena Nascimento,61234708507,"Recanto Garcia, 46, Vila Coqueiral, São Paulo, SP, Brasil",Básico
Maria Laura Pacheco,14872605985,"Ladeira Aparecida, 256, São João Batista, São Paulo, SP, Brasil",Básico
Diego Silva,60953782140,"Quadra de Castro, 85, Nova Cachoeirinha, São Paulo, SP, Brasil",Básico
João Miguel Teixeira,81529634024,"Jardim Cavalcanti, 754, Vila Califórnia, São Paulo, SP, Brasil",Prata
João Vitor Novaes,60923178503,"Vale Fogaça, 70, Teixeira Dias, São Paulo, SP, Brasil",Ouro
Nicole Barbosa,16298540776,"Conjunto de Monteiro, 59, Vila Nova Dos Milionarios, São Paulo, SP, Brasil",Diamante
Sr. Nicolas Vargas,42579813691,"Parque Ferreira, 97, Jatobá, São Paulo, SP, Brasil",Diamante
Maria Luísa Brito,29046578356,"Via de Pereira, 314, Minas Brasil, São Paulo, SP, Brasil",Bronze
Arthur Miguel Albuquerque,15720364943,"Residencial de Vasconcelos, 92, São Tomaz, São Paulo, SP, Brasil",Prata
Thomas Cavalcante,02645138780,"Alameda João Felipe Gomes, 17, Silveira, São Paulo, SP, Brasil",Diamante
Aurora Ramos,96514308775,"Rodovia Mariane Novaes, 57, Conjunto Serra Verde, São Paulo, SP, Brasil",Básico
Vitor Hugo Fonseca,24930561752,"Chácara de da Luz, 23, Jardim Leblon, São Paulo, SP, Brasil",Ouro
Luiz Miguel Brito,20946183589,"Vila de Sá, 871, Senhor Dos Passos, São Paulo, SP, Brasil",Básico
Dr. Calebe Rodrigues,03872519603,"Rodovia Carolina Borges, 5, Suzana, São Paulo, SP, Brasil",Básico
Heloisa Sousa,56217839482,"Parque José Pedro Vasconcelos, 7, Maria Helena, São Paulo, SP, Brasil",Básico
Olivia da Conceição,59627380121,"Condomínio Maitê Cassiano, 33, Coração Eucarístico, São Paulo, SP, Brasil",Ouro
Dr. Ian Camargo,69743812555,"Lagoa de Mendonça, 95, Vila Jardim Leblon, São Paulo, SP, Brasil",Ouro
Caleb Melo,56387041910,"Estrada Beatriz Cavalcanti, 3, Vila Vista Alegre, São Paulo, SP, Brasil",Bronze
Sra. Ana da Conceição,09648152306,"Quadra Costa, 9, São Lucas, São Paulo, SP, Brasil",Bronze
Maria Vitória Azevedo,82317540671,"Parque Teixeira, 5, Álvaro Camargos, São Paulo, SP, Brasil",Básico
Manuella Santos,59781406348,"Colônia de da Mata, 3, Vila Atila De Paiva, São Paulo, SP, Brasil",Prata
Catarina Garcia,35974802683,"Recanto de Campos, 377, Penha, São Paulo, SP, Brasil",Prata
Maitê Cardoso,64908527130,"Morro Mendes, 80, Vila Nova Paraíso, São Paulo, SP, Brasil",Diamante
Yuri Guerra,73612840517,"Lago Eloah Rezende, 39, Palmeiras, São Paulo, SP, Brasil",Diamante
Aurora Correia,48107265335,"Parque Marcos Vinicius Jesus, 33, Monte Azul, São Paulo, SP, Brasil",Ouro
Lucca Teixeira,83514790639,"Travessa de Cunha, 470, Santa Branca, São Paulo, SP, Brasil",Bronze
Luiza Novais,30871592630,"Viela de Caldeira, 664, Santa Helena, São Paulo, SP, Brasil",Diamante
Evelyn Castro,58973642146,"Campo Juan Câmara, 3, Nova Granada, São Paulo, SP, Brasil",Prata
Nicole Santos,83570694283,"Trecho Juliana Nogueira, 30, São Gonçalo, São Paulo, SP, Brasil",Diamante
Rebeca das Neves,68104395793,"Núcleo de das Neves, 1, Vila São Dimas, São Paulo, SP, Brasil",Ouro
Arthur Pastor,85237061435,"Parque Natália Fernandes, 59, Nova Granada, São Paulo, SP, Brasil",Ouro
Augusto Cassiano,57143928097,"Praça Pereira, 12, Candelaria, São Paulo, SP, Brasil",Prata
Sra. Isadora Andrade,49602583738,"Setor de Nogueira, 6, São Benedito, São Paulo, SP, Brasil",Diamante
Alice Castro,70421689501,"Jardim Oliveira, 9, Boa União 1ª Seção, São Paulo, SP, Brasil",Bronze
Carolina Mendonça,08329415651,"Estrada Luna Ferreira, 64, São Salvador, São Paulo, SP, Brasil",Diamante
Henrique Martins,52479068102,"Largo Bernardo Barros, 204, Conjunto Lagoa, São Paulo, SP, Brasil",Bronze
Sra. Gabriela Moraes,85703496292,"Quadra de Duarte, 44, Vila Betânia, São Paulo, SP, Brasil",Bronze
Laura Andrade,09485273150,"Feira Sales, 124, Vila Sumaré, São Paulo, SP, Brasil",Básico
Mariah da Mota,93427856038,"Núcleo Lucca Moreira, 4, Vila Nossa Senhora Do Rosário, São Paulo, SP, Brasil",Bronze
Maria Isis Alves,31408596784,"Pátio de Campos, 537, Inconfidência, São Paulo, SP, Brasil",Diamante
Marina Melo,02516743980,"Sítio da Cunha, 402, Santa Lúcia, São Paulo, SP, Brasil",Bronze
Sra. Eduarda da Cruz,82951473079,"Quadra de Vieira, 70, Conjunto Lagoa, São Paulo, SP, Brasil",Diamante
Sofia Gomes,36701849296,"Feira de Souza, 57, Nova Cintra, São Paulo, SP, Brasil",Básico
Dr. José Pedro Silveira,12359048732,"Praia de da Cruz, 92, Jardim Dos Comerciarios, São Paulo, SP, Brasil",Ouro
Diogo Ferreira,59478210360,"Estrada de Pereira, 85, Jardim Vitoria, São Paulo, SP, Brasil",Prata
Cecilia Melo,45867931200,"Rodovia de da Rosa, 733, Ernesto Nascimento, São Paulo, SP, Brasil",Prata
Théo Cavalcante,82796351068,"Estrada de da Cunha, 11, Dom Cabral, São Paulo, SP, Brasil",Básico
Bella da Cunha,03241769887,"Trevo Cavalcante, 73, Novo Ouro Preto, São Paulo, SP, Brasil",Prata
Maria Cecília Fogaça,16950782411,"Favela Hadassa Costa, 32, Santa Isabel, São Paulo, SP, Brasil",Ouro
Clarice Pimenta,98645103710,"Área de Ramos, 28, Nova Gameleira, São Paulo, SP, Brasil",Básico
Lucas Porto,93021645860,"Loteamento de da Mata, 8, Vista Do Sol, São Paulo, SP, Brasil",Básico
Cauê Moraes,48693512773,"Viela Ribeiro, 2, Aparecida, São Paulo, SP, Brasil",Básico
Rodrigo da Rocha,16420853753,"Aeroporto de Vasconcelos, 71, Mirante, São Paulo, SP, Brasil",Ouro
Amanda Dias,21654803707,"Avenida Peixoto, 92, Vila Ouro Minas, São Paulo, SP, Brasil",Ouro
Sra. Maria Luísa Guerra,80741652994,"Esplanada de Borges, 574, Granja Werneck, São Paulo, SP, Brasil",Básico
Nathan Rodrigues,09185276430,"Loteamento Abreu, 62, Tiradentes, São Paulo, SP, Brasil",Básico
Caio Freitas,34725986038,"Largo Macedo, 96, Ribeiro De Abreu, São Paulo, SP, Brasil",Básico
Mariane Moreira,13258470626,"Distrito Andrade, 29, Vila Esplanada, São Paulo, SP, Brasil",Ouro
Vinicius da Mata,94576382128,"Viaduto de Pinto, 68, Flamengo, São Paulo, SP, Brasil",Bronze
Ana Carolina Silveira,65894012767,"Condomínio Emilly Lopes, 138, São Cristóvão, São Paulo, SP, Brasil",Prata
Brenda Aparecida,95021648306,"Aeroporto Ravy Rezende, 35, Alto Barroca, São Paulo, SP, Brasil",Diamante
Rhavi Moura,26457310826,"Trevo de Rios, 89, Lagoa, São Paulo, SP, Brasil",Diamante
Lunna Lopes,92631875095,"Jardim da Costa, 895, Floramar, São Paulo, SP, Brasil",Bronze
Maitê Pinto,25319468024,"Recanto Nicolas Sales, 69, Varzea Da Palma, São Paulo, SP, Brasil",Diamante
Caio Nogueira,73482916519,"Alameda Caio Correia, 39, Gutierrez, São Paulo, SP, Brasil",Básico
Natália Barros,48953627109,"Condomínio Araújo, 52, Vila Aeroporto Jaraguá, São Paulo, SP, Brasil",Ouro
Dra. Maysa das Neves,86721049350,"Alameda de Ribeiro, 285, Mangabeiras, São Paulo, SP, Brasil",Bronze
Isabela Almeida,01497382696,"Lago Liam Cirino, 332, Vila Paris, São Paulo, SP, Brasil",Prata
José Pedro Monteiro,42910635805,"Alameda de Ferreira, 572, Boa Vista, São Paulo, SP, Brasil",Prata
Dra. Lara Vieira,93016475839,"Residencial Nascimento, 9, Lagoinha Leblon, São Paulo, SP, Brasil",Ouro
Erick Marques,57396210895,"Ladeira Clarice Nascimento, 543, São Tomaz, São Paulo, SP, Brasil",Básico
Ana Luiza Cavalcanti,61847359264,"Setor de Correia, 51, Pantanal, São Paulo, SP, Brasil",Ouro
Dr. Théo Aragão,56841792076,"Vale Lívia Moreira, 863, Dom Joaquim, São Paulo, SP, Brasil",Ouro
Aurora Brito,86145370262,"Feira Brito, 266, Lourdes, São Paulo, SP, Brasil",Básico
Hadassa Moura,39701652452,"Travessa de Moreira, 769, Santa Lúcia, São Paulo, SP, Brasil",Prata
Julia Rocha,70521893488,"Viela de Cunha, 3, Floramar, São Paulo, SP, Brasil",Ouro
Olivia Borges,94832507656,"Núcleo Felipe da Conceição, 46, Sagrada Família, São Paulo, SP, Brasil",Prata
Ryan da Paz,28576109476,"Viela Dom Fonseca, 53, São Damião, São Paulo, SP, Brasil",Ouro
Sra. Maria Flor Gonçalves,02798145341,"Distrito Kaique Oliveira, 44, Canadá, São Paulo, SP, Brasil",Prata
Davi Miguel Macedo,86290734547,"Núcleo de Ramos, 2, Santa Inês, São Paulo, SP, Brasil",Ouro
Vicente Aparecida,01762453835,"Feira Pires, 9, Conjunto Celso Machado, São Paulo, SP, Brasil",Diamante
Isabelly Albuquerque,32865140717,"Colônia Vitor Hugo Pinto, 59, Tiradentes, São Paulo, SP, Brasil",Diamante
Ana Cecília Santos,12708543997,"Alameda Ana Carolina Rezende, 23, União, São Paulo, SP, Brasil",Prata
Srta. Isadora Moreira,37560294847,"Loteamento de Silva, 486, Jardim Montanhês, São Paulo, SP, Brasil",Bronze
Pedro Miguel Rezende,43962057161,"Parque Ramos, 50, Santana Do Cafezal, São Paulo, SP, Brasil",Diamante
Mariana Martins,98310256442,"Residencial Melo, 78, Céu Azul, São Paulo, SP, Brasil",Prata
Sara da Mata,20396841589,"Vale Matheus Farias, 22, Graça, São Paulo, SP, Brasil",Prata
Dr. Pedro Miguel Cavalcanti,56832407190,"Colônia Albuquerque, 467, Monte São José, São Paulo, SP, Brasil",Prata
Aylla Leão,04276895111,"Distrito Abreu, 6, Vila Real 2ª Seção, São Paulo, SP, Brasil",Básico
Dr. Gael Henrique da Cruz,57481360235,"Colônia Farias, 94, Canaa, São Paulo, SP, Brasil",Diamante
Liz Borges,18450962315,"Esplanada Lucas Martins, 82, Vila Minaslandia, São Paulo, SP, Brasil",Diamante
Amanda Novais,60182934713,"Parque de da Conceição, 99, Senhor Dos Passos, São Paulo, SP, Brasil",Bronze
Sr. Otávio Porto,06328451717,"Jardim de Ferreira, 32, Santo Antônio, São Paulo, SP, Brasil",Bronze
Ravi Duarte,05748219611,"Rua Luiz Otávio Costa, 69, São Tomaz, São Paulo, SP, Brasil",Prata
Arthur Gabriel Mendonça,67820145307,"Viaduto Borges, 586, Dona Clara, São Paulo, SP, Brasil",Ouro
Paulo Almeida,87590124397,"Rodovia de Sampaio, 11, Bonsucesso, São Paulo, SP, Brasil",Prata
Dr. Noah Garcia,34798062103,"Residencial de Cassiano, 76, Vila Nova Cachoeirinha 3ª Seção, São Paulo, SP, Brasil",Ouro
Liz Melo,85437120923,"Praia Ana Luiza Azevedo, 45, Minas Brasil, São Paulo, SP, Brasil",Diamante
Lucca Cassiano,27160853903,"Via Moreira, 36, Jardim Dos Comerciarios, São Paulo, SP, Brasil",Ouro
Maysa das Neves,80231945779,"Lagoa de da Rosa, 50, Lindéia, São Paulo, SP, Brasil",Ouro
Ana Lívia Araújo,43752918004,"Área Bryan Vieira, 6, Ademar Maldonado, São Paulo, SP, Brasil",Básico
Leonardo Araújo,09814632740,"Conjunto de Almeida, 221, Vila Nova Cachoeirinha 1ª Seção, São Paulo, SP, Brasil",Ouro
Danilo Costa,17608342544,"Colônia de Carvalho, 96, Cenaculo, São Paulo, SP, Brasil",Ouro
Thiago Andrade,83159246728,"Feira Fernando Cassiano, 565, Maria Goretti, São Paulo, SP, Brasil",Ouro
Maria Fernanda Almeida,09275148694,"Recanto José da Mota, 12, Conjunto Paulo Vi, São Paulo, SP, Brasil",Básico
Marcela Souza,53148726090,"Condomínio de Pinto, 75, Vila São Francisco, São Paulo, SP, Brasil",Básico
João Guilherme Vasconcelos,68507213995,"Setor Vitor Hugo Vasconcelos, 14, Vila Piratininga Venda Nova, São Paulo, SP, Brasil",Ouro
Bruno Farias,60415927811,"Residencial Costa, 299, Nossa Senhora Do Rosário, São Paulo, SP, Brasil",Prata
Asafe da Luz,09271356802,"Via Nogueira, 97, Vila Dos Anjos, São Paulo, SP, Brasil",Básico
Lívia Ferreira,51032867426,"Aeroporto de Rios, 89, Nova Cintra, São Paulo, SP, Brasil",Prata
Elisa Cassiano,69785120368,"Aeroporto de da Rosa, 31, Granja De Freitas, São Paulo, SP, Brasil",Básico
Miguel da Cunha,86547391000,"Trevo Ana Vitória da Cunha, 74, Ventosa, São Paulo, SP, Brasil",Ouro
Alícia Monteiro,89372604178,"Chácara de da Mota, 1, Santa Helena, São Paulo, SP, Brasil",Bronze
Maria Julia Nascimento,58743692010,"Alameda de Pereira, 53, Novo Tupi, São Paulo, SP, Brasil",Prata
Henry Brito,27938614564,"Loteamento Sabrina Silveira, 60, Alto Barroca, São Paulo, SP, Brasil",Bronze
Julia Gonçalves,81497650348,"Área Alves, 27, Suzana, São Paulo, SP, Brasil",Ouro
Ana Julia Carvalho,72408513979,"Loteamento Caldeira, 2, Jatobá, São Paulo, SP, Brasil",Bronze
Lorena Pacheco,52093648792,"Pátio da Mata, 86, Lourdes, São Paulo, SP, Brasil",Diamante
Clara Lima,36920174804,"Praia Caroline da Cruz, 37, Vila Minaslandia, São Paulo, SP, Brasil",Básico
Sr. Theo Cassiano,18752906485,"Ladeira Fogaça, 2, Minas Caixa, São Paulo, SP, Brasil",Diamante
Dr. Leonardo Farias,03451678993,"Rua da Luz, 1, Minas Caixa, São Paulo, SP, Brasil",Diamante
Srta. Maria Júlia Martins,72806154308,"Chácara Guilherme Cunha, 36, São Gonçalo, São Paulo, SP, Brasil",Diamante
Juliana Teixeira,52681903424,"Quadra de Ribeiro, 6, São Bernardo, São Paulo, SP, Brasil",Ouro
Liz Marques,02513649842,"Praça Gael Henrique Fonseca, 61, Chácara Leonina, São Paulo, SP, Brasil",Prata
Isaac Pimenta,85762439119,"Alameda Luiz Miguel da Mata, 98, Vila Nova Cachoeirinha 1ª Seção, São Paulo, SP, Brasil",Básico
Leonardo Macedo,21034568906,"Loteamento de da Conceição, 37, São Damião, São Paulo, SP, Brasil",Ouro
Dra. Amanda Sousa,72094615820,"Lagoa Mathias Vargas, 1, Vila Santa Monica 2ª Seção, São Paulo, SP, Brasil",Prata
Felipe Viana,56931802470,"Aeroporto de Machado, 7, Conjunto Califórnia I, São Paulo, SP, Brasil",Diamante
Benício Pacheco,25493681773,"Rua Ana Júlia Macedo, 656, Funcionários, São Paulo, SP, Brasil",Prata
Lara Sampaio,03762845956,"Recanto Correia, 49, Boa União 2ª Seção, São Paulo, SP, Brasil",Diamante
Theodoro Montenegro,29703156886,"Rua Andrade, 2, São Bento, São Paulo, SP, Brasil",Bronze
Cecilia Casa Grande,93520781441,"Travessa Rebeca Costela, 839, Vale Do Jatoba, São Paulo, SP, Brasil",Bronze
Calebe Carvalho,61358924791,"Praia Santos, 28, Vila Rica, São Paulo, SP, Brasil",Básico
Miguel Albuquerque,03581264951,"Campo Maria Luísa Pereira, 44, Miramar, São Paulo, SP, Brasil",Ouro
Srta. Manuella Farias,21430785608,"Quadra de Sales, 7, Esplanada, São Paulo, SP, Brasil",Diamante
Ravi Lucca da Paz,06983715268,"Trevo Leonardo Mendonça, 60, Cidade Jardim, São Paulo, SP, Brasil",Diamante
Oliver Alves,42803957647,"Loteamento João Sales, 359, Zilah Sposito, São Paulo, SP, Brasil",Bronze
Caleb da Cruz,13756904261,"Morro Thiago Macedo, 804, Oeste, São Paulo, SP, Brasil",Diamante
Renan Albuquerque,86514270344,"Ladeira de Costa, 6, Vila Paraíso, São Paulo, SP, Brasil",Diamante
Daniela da Rosa,42605713890,"Campo Rocha, 238, Ernesto Nascimento, São Paulo, SP, Brasil",Básico
Dr. Carlos Eduardo Vargas,29063814704,"Campo Arthur Gabriel Rezende, 4, Conjunto Novo Dom Bosco, São Paulo, SP, Brasil",Ouro
Gabriela Moreira,41279063831,"Fazenda de Pacheco, 70, Maria Helena, São Paulo, SP, Brasil",Diamante
Lucas da Mota,51478206390,"Trevo de Guerra, 7, Flavio De Oliveira, São Paulo, SP, Brasil",Ouro
Nina da Rocha,02749563810,"Parque Luiz Fernando Siqueira, 28, Ambrosina, São Paulo, SP, Brasil",Bronze
Matteo Guerra,42605839729,"Morro de Peixoto, 70, Santa Helena, São Paulo, SP, Brasil",Prata
Ana Julia Costa,57241903897,"Largo Bella Siqueira, 32, Teixeira Dias, São Paulo, SP, Brasil",Básico
Sra. Kamilly Araújo,61783954000,"Vereda de Macedo, 950, Eymard, São Paulo, SP, Brasil",Ouro
Théo Guerra,73140968566,"Condomínio João Pinto, 992, Nova Floresta, São Paulo, SP, Brasil",Ouro
Anthony Gabriel Teixeira,52041389788,"Trecho da Mata, 25, Vila Madre Gertrudes 4ª Seção, São Paulo, SP, Brasil",Prata
Samuel Freitas,40958276102,"Feira Costa, 26, São João Batista, São Paulo, SP, Brasil",Ouro
Enzo Gabriel Ferreira,60843725974,"Lagoa de Sousa, 2, Santa Maria, São Paulo, SP, Brasil",Básico
Maria Cavalcanti,21456983709,"Setor Pacheco, 81, Virgínia, São Paulo, SP, Brasil",Bronze
Luiz Henrique Lima,45167329043,"Quadra Guerra, 55, Salgado Filho, São Paulo, SP, Brasil",Diamante
João Miguel Aparecida,61748095366,"Vereda Heitor Lima, 148, Serrano, São Paulo, SP, Brasil",Prata
Nathan Sousa,68519703259,"Morro Maria Vitória Moraes, 36, Funcionários, São Paulo, SP, Brasil",Básico
Ester Fernandes,20518493741,"Sítio Caldeira, 88, Jardim Atlântico, São Paulo, SP, Brasil",Diamante
Sr. Gustavo Henrique Aparecida,64518273044,"Conjunto Breno Rios, 8, João Pinheiro, São Paulo, SP, Brasil",Básico
Sra. Lívia da Cunha,70592163407,"Parque Nathan Almeida, 99, João Alfredo, São Paulo, SP, Brasil",Bronze
Alícia Nogueira,15039784600,"Via Fonseca, 29, Vila Santo Antônio Barroquinha, São Paulo, SP, Brasil",Diamante
Pedro Dias,40132678969,"Esplanada Abreu, 19, Buraco Quente, São Paulo, SP, Brasil",Prata
Sr. Henry Gabriel Câmara,74892653128,"Rodovia de Vasconcelos, 4, Cenaculo, São Paulo, SP, Brasil",Ouro
Srta. Isabel Brito,21046738950,"Aeroporto Sabrina Pires, 48, Castanheira, São Paulo, SP, Brasil",Prata
Letícia Novaes,46039518251,"Viaduto de das Neves, 6, Suzana, São Paulo, SP, Brasil",Diamante
Sra. Sophie da Mata,79142506867,"Aeroporto Henrique Silva, 29, Saudade, São Paulo, SP, Brasil",Prata
André Almeida,04798632538,"Rodovia Ana Julia Viana, 73, Vale Do Jatoba, São Paulo, SP, Brasil",Bronze
Pietra das Neves,50482613998,"Morro Agatha Pinto, 92, Penha, São Paulo, SP, Brasil",Bronze
Joana Melo,19240768378,"Parque Rios, 52, São Bento, São Paulo, SP, Brasil",Bronze
Ana Clara Nogueira,84529601315,"Vale Luiz Felipe Fogaça, 844, Aarão Reis, São Paulo, SP, Brasil",Básico
Eduarda da Cruz,53169087240,"Trevo de Andrade, 10, Pindorama, São Paulo, SP, Brasil",Básico
Heitor Sampaio,27156308408,"Avenida Albuquerque, 96, Vila Ecológica, São Paulo, SP, Brasil",Ouro
Larissa Azevedo,57926108359,"Rua Arthur Miguel Rocha, 15, São Francisco Das Chagas, São Paulo, SP, Brasil",Prata
Danilo Novais,30517692406,"Estação Maitê da Luz, 60, Vila Independencia 2ª Seção, São Paulo, SP, Brasil",Básico
Luigi Pires,43607512817,"Esplanada de Almeida, 9, João Pinheiro, São Paulo, SP, Brasil",Ouro
Eduardo Barros,29836071512,"Alameda de da Costa, 605, Mangueiras, São Paulo, SP, Brasil",Prata
Léo Fonseca,16324890589,"Conjunto de Montenegro, 6, Tirol, São Paulo, SP, Brasil",Prata
Aylla Pimenta,25439617809,"Colônia Anna Liz Cassiano, 62, Parque São Pedro, São Paulo, SP, Brasil",Prata
Marcelo Vieira,54961370207,"Quadra de Peixoto, 49, Vila Santo Antônio Barroquinha, São Paulo, SP, Brasil",Prata
Luiz Otávio Carvalho,07649531848,"Aeroporto Raul Guerra, 777, Nossa Senhora Da Conceição, São Paulo, SP, Brasil",Prata
Ana Liz das Neves,29504736106,"Conjunto da Cunha, 8, Vila Suzana Primeira Seção, São Paulo, SP, Brasil",Prata
Dr. Luiz Fernando Moraes,34095127805,"Lago Pinto, 13, Estrela, São Paulo, SP, Brasil",Básico
Maria Julia Carvalho,48361795219,"Conjunto de Alves, 666, João Paulo Ii, São Paulo, SP, Brasil",Diamante
João Vitor Monteiro,46387195209,"Pátio Costa, 246, João Paulo Ii, São Paulo, SP, Brasil",Diamante
Enrico Cassiano,34217680562,"Jardim Oliveira, 34, Beira Linha, São Paulo, SP, Brasil",Ouro
Marcelo Caldeira,64578920356,"Loteamento Siqueira, 89, Vila Trinta E Um De Março, São Paulo, SP, Brasil",Ouro
Sr. Dante Lima,61497280567,"Parque Fonseca, 6, Xangri-Lá, São Paulo, SP, Brasil",Prata
Dr. Vitor Hugo Silva,19382470514,"Área Porto, 73, Solimoes, São Paulo, SP, Brasil",Diamante
Dra. Bruna Jesus,35108726902,"Parque Lopes, 13, São Francisco, São Paulo, SP, Brasil",Básico
Otto Silva,38164257044,"Trecho Otávio Nunes, 2, Heliopolis, São Paulo, SP, Brasil",Prata
Beatriz Viana,01529467306,"Travessa Davi Lucca Brito, 37, Cidade Jardim, São Paulo, SP, Brasil",Bronze
Sr. Davi Lucca da Costa,20836415744,"Vale Brito, 52, Calafate, São Paulo, SP, Brasil",Prata
Milena Costa,74913682555,"Praça Vinicius Gomes, 92, Santa Cecilia, São Paulo, SP, Brasil",Diamante
Isaac Pereira,54023197823,"Largo de Alves, 70, Coração De Jesus, São Paulo, SP, Brasil",Prata
Srta. Alícia Souza,09642357810,"Parque de Caldeira, 14, Virgínia, São Paulo, SP, Brasil",Bronze
Sr. Bento Ferreira,10964583739,"Colônia Henrique Cirino, 3, São Vicente, São Paulo, SP, Brasil",Ouro
Igor Mendes,94610835215,"Passarela Sales, 41, Eymard, São Paulo, SP, Brasil",Bronze
Eduardo Lopes,76491802558,"Vila Monteiro, 520, Mirante, São Paulo, SP, Brasil",Ouro
Pietra Rios,76589410348,"Rodovia de da Costa, 44, Santa Efigênia, São Paulo, SP, Brasil",Básico
Maya da Mata,46572109801,"Colônia da Cruz, 38, Lagoa, São Paulo, SP, Brasil",Prata
Otto Vieira,73492805132,"Viela Gael Cavalcante, 9, Xodo-Marize, São Paulo, SP, Brasil",Básico
João Albuquerque,69304185289,"Praça Gabrielly Aparecida, 17, Cidade Jardim, São Paulo, SP, Brasil",Básico
Arthur Miguel Cassiano,98315270621,"Feira Dom da Mata, 49, Goiania, São Paulo, SP, Brasil",Diamante
Anthony Gabriel Silva,07425891611,"Via de Cavalcante, 3, Vila Da Paz, São Paulo, SP, Brasil",Básico
Vicente Guerra,51907384260,"Praça Machado, 42, Vila Calafate, São Paulo, SP, Brasil",Diamante
Vitor Hugo Moreira,18356479282,"Trevo Araújo, 24, Lourdes, São Paulo, SP, Brasil",Bronze
Dra. Ester Caldeira,70926318586,"Praça Souza, 94, Tiradentes, São Paulo, SP, Brasil",Diamante
Benjamim da Conceição,05438721653,"Conjunto Davi Luiz Ramos, 28, Novo Ouro Preto, São Paulo, SP, Brasil",Bronze
Srta. Daniela Cavalcante,56342981051,"Campo de Ribeiro, 71, Pindorama, São Paulo, SP, Brasil",Bronze
Carlos Eduardo Silveira,72651309877,"Lago João Miguel Barros, 678, Savassi, São Paulo, SP, Brasil",Diamante
Esther Novais,03756489256,"Estrada de da Paz, 134, Santo André, São Paulo, SP, Brasil",Ouro
Dr. Matheus Cardoso,03461829722,"Praça Ísis Sales, 3, Vila Independencia 3ª Seção, São Paulo, SP, Brasil",Básico
Luiz Otávio Leão,34682715062,"Favela Bryan Gonçalves, 64, Delta, São Paulo, SP, Brasil",Básico
Isabela Nunes,90761528377,"Fazenda Caio Barros, 76, Novo Aarão Reis, São Paulo, SP, Brasil",Bronze
Ana Casa Grande,94850713297,"Condomínio Cecília Borges, 45, Vila Antena Montanhês, São Paulo, SP, Brasil",Ouro
Ana Clara Vieira,15769243007,"Campo Rios, 863, Dom Joaquim, São Paulo, SP, Brasil",Bronze
Maria Luiza Moreira,72804361969,"Estação de Barros, 895, Vila Atila De Paiva, São Paulo, SP, Brasil",Prata
Samuel Rocha,60279453116,"Aeroporto de Rezende, 81, Jardim Felicidade, São Paulo, SP, Brasil",Ouro
Sra. Maria Clara Mendes,91483526089,"Recanto de Fonseca, 5, Vila Da Amizade, São Paulo, SP, Brasil",Ouro
Giovanna Pastor,28450169720,"Recanto de da Mota, 70, Maria Goretti, São Paulo, SP, Brasil",Bronze
Pedro Henrique Aragão,09375841260,"Favela de Camargo, 30, Pousada Santo Antonio, São Paulo, SP, Brasil",Básico
Ana Julia Azevedo,04231587914,"Viaduto de Almeida, 8, Santa Cecilia, São Paulo, SP, Brasil",Prata
Sr. Brayan Araújo,90851327621,"Colônia Kaique Barros, 95, Gutierrez, São Paulo, SP, Brasil",Ouro
Gabriela Nascimento,93471568093,"Lago Leão, 58, São Gonçalo, São Paulo, SP, Brasil",Bronze
Daniel Freitas,61290357803,"Travessa de Siqueira, 13, Barão Homem De Melo 3ª Seção, São Paulo, SP, Brasil",Ouro
Antônio da Conceição,51826304762,"Jardim da Mata, 391, São Marcos, São Paulo, SP, Brasil",Prata
Léo Fonseca,45073291670,"Residencial Farias, 23, Novo Das Industrias, São Paulo, SP, Brasil",Bronze
Sr. Enrico Cavalcanti,93125480779,"Quadra Pastor, 937, Calafate, São Paulo, SP, Brasil",Prata
Fernanda Ferreira,95876401366,"Parque Lavínia Freitas, 62, João Pinheiro, São Paulo, SP, Brasil",Básico
Maria Julia Santos,84361079269,"Avenida Fernandes, 21, Vila Sumaré, São Paulo, SP, Brasil",Ouro
Ana Clara Fonseca,29536841746,"Esplanada Marcela Rocha, 37, Nova America, São Paulo, SP, Brasil",Prata
Maria Dias,10257698302,"Vale Calebe Brito, 48, Alta Tensão 1ª Seção, São Paulo, SP, Brasil",Diamante
Olívia Azevedo,31985467291,"Lagoa Sales, 60, Vila Antena Montanhês, São Paulo, SP, Brasil",Prata
Luiz Felipe Cavalcante,61945837209,"Núcleo Almeida, 8, Santa Amelia, São Paulo, SP, Brasil",Diamante
Srta. Isadora Moura,01693852489,"Parque de Abreu, 409, Coração Eucarístico, São Paulo, SP, Brasil",Prata
Felipe Martins,27304681969,"Via Maria Fernandes, 298, Vila Santa Rosa, São Paulo, SP, Brasil",Básico
Asafe Machado,79431082560,"Residencial Ravy Pereira, 408, Solar Do Barreiro, São Paulo, SP, Brasil",Prata
Sr. Eduardo Viana,48239071597,"Vale Freitas, 72, Vitoria Da Conquista, São Paulo, SP, Brasil",Básico
Rebeca Caldeira,46582371991,"Favela Marques, 23, Lagoinha, São Paulo, SP, Brasil",Básico
Marcos Vinicius Leão,36958720474,"Vereda da Rosa, 4, Jardim Vitoria, São Paulo, SP, Brasil",Básico
Gustavo Castro,36521790803,"Via Davi Lucca Abreu, 57, Distrito Industrial Do Jatoba, São Paulo, SP, Brasil",Bronze
Ísis Carvalho,54217396864,"Pátio Luiz Gustavo Peixoto, 53, Vila Santo Antônio Barroquinha, São Paulo, SP, Brasil",Prata
Maya Mendonça,05728961312,"Vereda de Macedo, 2, Palmeiras, São Paulo, SP, Brasil",Prata
Dra. Larissa Rezende,46578301208,"Pátio de Nogueira, 7, São José, São Paulo, SP, Brasil",Diamante
Sr. Luiz Gustavo Vasconcelos,07615923425,"Setor de Cunha, 9, Nossa Senhora De Fátima, São Paulo, SP, Brasil",Bronze
Yan Aragão,45803162906,"Recanto Yago Pimenta, 334, Goiania, São Paulo, SP, Brasil",Ouro
Samuel Sousa,39462150842,"Estrada Noah Pimenta, 336, Santa Amelia, São Paulo, SP, Brasil",Prata
Sra. Anna Liz Souza,14306259889,"Residencial Fernanda da Mota, 68, São Gonçalo, São Paulo, SP, Brasil",Ouro
Bianca Pires,56904132752,"Morro de da Mata, 222, Conjunto Califórnia I, São Paulo, SP, Brasil",Diamante
José Miguel Aparecida,38579426065,"Rodovia de Santos, 470, São Marcos, São Paulo, SP, Brasil",Diamante
Alícia Jesus,68309274122,"Favela de Monteiro, 52, São Damião, São Paulo, SP, Brasil",Ouro
Olivia Viana,51026389470,"Campo Machado, 57, Vila Canto Do Sabiá, São Paulo, SP, Brasil",Diamante
Clarice Castro,91345870205,"Morro de Sá, 66, Eymard, São Paulo, SP, Brasil",Bronze
Noah Vieira,78146539084,"Setor Maria Luiza Campos, 641, Araguaia, São Paulo, SP, Brasil",Bronze
Emilly Vieira,42563179025,"Loteamento Maitê Costela, 66, Novo Tupi, São Paulo, SP, Brasil",Bronze
Pietra Correia,27061834978,"Esplanada Moreira, 21, Jardim América, São Paulo, SP, Brasil",Diamante
Esther Moura,02619384524,"Quadra de Araújo, 2, Distrito Industrial Do Jatoba, São Paulo, SP, Brasil",Diamante
Bella Caldeira,81907234640,"Viaduto Ana Beatriz Oliveira, 693, Itatiaia, São Paulo, SP, Brasil",Diamante
Thales Cavalcante,53819476237,"Trecho Cirino, 204, Novo Ouro Preto, São Paulo, SP, Brasil",Bronze
Paulo Andrade,23405169780,"Praça Maria Júlia Costela, 61, Santa Cruz, São Paulo, SP, Brasil",Prata
Luísa Pimenta,09146358757,"Aeroporto de da Cunha, 40, Vila De Sá, São Paulo, SP, Brasil",Diamante
Dr. Arthur Gabriel Gonçalves,53812047950,"Morro Peixoto, 9, Monte Azul, São Paulo, SP, Brasil",Prata
Guilherme Cirino,79814062502,"Trecho Léo Barbosa, 56, Dom Silverio, São Paulo, SP, Brasil",Prata
Cauê Rodrigues,39420516806,"Conjunto Enzo Camargo, 99, Graça, São Paulo, SP, Brasil",Ouro
Davi Lucca Machado,37802916496,"Travessa de Pimenta, 39, Vila Maloca, São Paulo, SP, Brasil",Básico
Maria Eduarda Silveira,89365120489,"Avenida de Vasconcelos, 89, Araguaia, São Paulo, SP, Brasil",Prata
Luna Costa,52083791479,"Viaduto Almeida, 41, Parque São José, São Paulo, SP, Brasil",Ouro
Kevin da Rocha,05489671300,"Chácara Araújo, 24, Alto Barroca, São Paulo, SP, Brasil",Prata
Bruno Câmara,90524738114,"Passarela de da Rocha, 603, Marçola, São Paulo, SP, Brasil",Bronze
Sr. Otto Correia,60824513762,"Aeroporto de Silveira, 44, Alta Tensão 2ª Seção, São Paulo, SP, Brasil",Básico
Felipe Souza,72364859182,"Vila de Vargas, 9, Primeiro De Maio, São Paulo, SP, Brasil",Diamante
João Felipe da Luz,05467218344,"Rua Ana da Mota, 27, Vila Mantiqueira, São Paulo, SP, Brasil",Ouro
Oliver Costa,23469785155,"Vale de Vasconcelos, 93, Paraíso, São Paulo, SP, Brasil",Diamante
Sr. Henrique Pimenta,74160582362,"Praça de Rezende, 28, Braúnas, São Paulo, SP, Brasil",Diamante
Laís Silveira,79024531616,"Viaduto Nogueira, 80, Solar Do Barreiro, São Paulo, SP, Brasil",Ouro
Josué Pastor,30489251633,"Parque de Marques, 36, Flamengo, São Paulo, SP, Brasil",Prata
Marcelo Martins,71524860344,"Lago de da Luz, 81, Canaa, São Paulo, SP, Brasil",Básico
Raquel Souza,52470916399,"Estação de Freitas, 53, Delta, São Paulo, SP, Brasil",Prata
Sophie Teixeira,06423897565,"Trecho Cardoso, 18, São Jorge 3ª Seção, São Paulo, SP, Brasil",Bronze
Srta. Laura Ribeiro,29705384665,"Viela de Fogaça, 4, Floresta, São Paulo, SP, Brasil",Básico
Eduardo Cassiano,48723615044,"Quadra Mendes, 48, Vila Santo Antônio, São Paulo, SP, Brasil",Ouro
Maria Julia da Mota,35498167237,"Favela Cauã da Cunha, 880, Teixeira Dias, São Paulo, SP, Brasil",Ouro
Noah Pinto,92074816502,"Loteamento Augusto Santos, 26, Minaslandia, São Paulo, SP, Brasil",Básico
Luísa Sá,39264851755,"Distrito de Nunes, 5, Pedreira Padro Lopes, São Paulo, SP, Brasil",Prata
Bruna Carvalho,48359276137,"Núcleo Monteiro, 2, Cônego Pinheiro 2ª Seção, São Paulo, SP, Brasil",Prata
José Miguel da Mota,23976410543,"Viaduto de Correia, 375, Morro Dos Macacos, São Paulo, SP, Brasil",Ouro
Sabrina Costela,78652109494,"Vale Yago Dias, 2, Vila São Dimas, São Paulo, SP, Brasil",Ouro
Henry Gabriel Monteiro,82031467913,"Estação Costa, 605, Vila São João Batista, São Paulo, SP, Brasil",Básico
Luana Viana,59802367168,"Vereda de Dias, 256, Vila Primeiro De Maio, São Paulo, SP, Brasil",Prata
Antony Cassiano,85306492142,"Parque Amanda Duarte, 40, Independência, São Paulo, SP, Brasil",Diamante
Sra. Maria Sophia Viana,50186274920,"Trecho Vinícius Peixoto, 68, Luxemburgo, São Paulo, SP, Brasil",Ouro
Hadassa Costela,27685104911,"Viela Bella da Rocha, 45, Vila Boa Vista, São Paulo, SP, Brasil",Bronze
Otávio Casa Grande,51284639070,"Praia Valentina Casa Grande, 461, Esplanada, São Paulo, SP, Brasil",Prata
Maria Vitória Novaes,58306274938,"Fazenda Ramos, 969, Santa Efigênia, São Paulo, SP, Brasil",Ouro
Diogo Rios,03149758297,"Feira Cassiano, 75, São Geraldo, São Paulo, SP, Brasil",Ouro
Anna Liz Freitas,91573024643,"Lago da Rosa, 3, Campo Alegre, São Paulo, SP, Brasil",Diamante
Dr. João Miguel Cavalcante,76358109448,"Residencial Pastor, 978, Castelo, São Paulo, SP, Brasil",Ouro
Alexandre Silva,10796283559,"Jardim Farias, 71, Vila Madre Gertrudes 4ª Seção, São Paulo, SP, Brasil",Prata
João Miguel Novaes,46537208190,"Conjunto de Campos, 4, Granja De Freitas, São Paulo, SP, Brasil",Básico
Dante Pires,83942751682,"Travessa de Leão, 13, Vila Nossa Senhora Do Rosário, São Paulo, SP, Brasil",Bronze
Luiz Otávio Sousa,24308759188,"Conjunto da Rocha, 3, Beija Flor, São Paulo, SP, Brasil",Diamante
Sr. Davi Lucca Rezende,18905643701,"Lagoa de Alves, 41, Venda Nova, São Paulo, SP, Brasil",Bronze
Dra. Sophia Novais,03294871678,"Trevo de Gonçalves, 31, Capitão Eduardo, São Paulo, SP, Brasil",Bronze
Clara Melo,20891765395,"Fazenda Vitor Hugo Rocha, 886, Jardim Vitoria, São Paulo, SP, Brasil",Diamante
Hellena Peixoto,86139702496,"Via de Rezende, 930, Vila Inestan, São Paulo, SP, Brasil",Prata
Antônio Silva,65381270453,"Residencial de Lopes, 74, Ventosa, São Paulo, SP, Brasil",Ouro
Matheus Pacheco,29071683559,"Quadra de Lopes, 16, Maria Tereza, São Paulo, SP, Brasil",Diamante
Sarah Gomes,76489502356,"Esplanada Valentina Guerra, 22, Carlos Prates, São Paulo, SP, Brasil",Prata
Pedro Henrique da Rosa,60714298387,"Pátio Sousa, 66, Vila Nova Paraíso, São Paulo, SP, Brasil",Ouro
Maria Helena Costela,50874936101,"Vereda Pedro Lucas Fernandes, 65, Cônego Pinheiro 2ª Seção, São Paulo, SP, Brasil",Básico
Dr. Bryan da Cunha,54813790232,"Ladeira Machado, 34, Itapoa, São Paulo, SP, Brasil",Básico
Anthony da Costa,59183024760,"Fazenda Farias, 2, Havaí, São Paulo, SP, Brasil",Básico
Nina das Neves,65209134806,"Trecho de Santos, 38, Vila Minaslandia, São Paulo, SP, Brasil",Bronze
Maria Vitória da Cruz,54862190324,"Parque Isabelly Fernandes, 21, Coração Eucarístico, São Paulo, SP, Brasil",Ouro
Isabelly Cavalcante,73562014880,"Lago Ana Lívia Sampaio, 12, Tiradentes, São Paulo, SP, Brasil",Ouro
Enrico Alves,79135604875,"Praça de Câmara, 82, Parque São José, São Paulo, SP, Brasil",Básico
Luiz Gustavo Sampaio,68439527128,"Condomínio Caldeira, 4, Vila Madre Gertrudes 1ª Seção, São Paulo, SP, Brasil",Ouro
Maysa Azevedo,97041532607,"Vila Farias, 83, Monte Azul, São Paulo, SP, Brasil",Prata
Calebe Fonseca,27158904350,"Lagoa Yan Cavalcanti, 836, Vila Nova Cachoeirinha 2ª Seção, São Paulo, SP, Brasil",Bronze
Alícia da Mata,61427538964,"Praia Sampaio, 84, Alto Caiçaras, São Paulo, SP, Brasil",Ouro
Antony Camargo,05612943725,"Lagoa João Lucas Lima, 55, Nova Gameleira, São Paulo, SP, Brasil",Prata
Stella das Neves,97615834066,"Travessa Cirino, 54, Itapoa, São Paulo, SP, Brasil",Prata
Liam Camargo,03145297643,"Condomínio Luigi da Cunha, 63, Conjunto Serra Verde, São Paulo, SP, Brasil",Bronze
Benjamim Abreu,31097284603,"Vereda de Lima, 93, Coração De Jesus, São Paulo, SP, Brasil",Prata
Dra. Eloah Marques,63049582189,"Pátio Pimenta, 381, Taquaril, São Paulo, SP, Brasil",Ouro
Levi Pinto,26574381053,"Pátio Lara Montenegro, 27, Aguas Claras, São Paulo, SP, Brasil",Ouro
Olívia Moura,05862374965,"Campo Sampaio, 52, Vila Piratininga, São Paulo, SP, Brasil",Diamante
Caio Brito,93028674556,"Conjunto Rios, 71, Céu Azul, São Paulo, SP, Brasil",Ouro
Dra. Marcela Barbosa,39764012850,"Quadra Pereira, 33, Camponesa 2ª Seção, São Paulo, SP, Brasil",Básico
Ryan Montenegro,06378415900,"Aeroporto de Montenegro, 68, Ambrosina, São Paulo, SP, Brasil",Bronze
Caio Moura,13287904604,"Distrito de Silva, 77, Jardim São José, São Paulo, SP, Brasil",Prata
Sr. João Guilherme da Rosa,65391872030,"Lago Noah Cavalcante, 6, Vila Esplanada, São Paulo, SP, Brasil",Prata
Sr. João Vitor Correia,72051463808,"Fazenda Sarah Cardoso, 97, Vila Antena, São Paulo, SP, Brasil",Básico
Antônio Peixoto,06291438542,"Passarela Moura, 814, Baleia, São Paulo, SP, Brasil",Prata
Dr. Benjamim Mendonça,29538046765,"Pátio Vargas, 23, Madri, São Paulo, SP, Brasil",Diamante
Lucas Gabriel Mendes,86317059420,"Estrada Alexandre Costa, 94, Conjunto Lagoa, São Paulo, SP, Brasil",Bronze
Ryan Sá,96810543775,"Colônia de Barbosa, 66, Ipe, São Paulo, SP, Brasil",Prata
Theodoro Pacheco,78590246167,"Viaduto Andrade, 15, Pongelupe, São Paulo, SP, Brasil",Básico
Marcela Cirino,32867940583,"Estação Josué Ribeiro, 22, Indaiá, São Paulo, SP, Brasil",Prata
Olivia Ferreira,02385197405,"Travessa Andrade, 64, Fernão Dias, São Paulo, SP, Brasil",Bronze
Bianca Pires,64532971080,"Lagoa de Ribeiro, 13, Atila De Paiva, São Paulo, SP, Brasil",Prata
Luiz Henrique Castro,97431052634,"Passarela da Rosa, 640, Campo Alegre, São Paulo, SP, Brasil",Bronze
Maria Clara Rodrigues,58974163039,"Esplanada de Dias, 539, Mantiqueira, São Paulo, SP, Brasil",Prata
Matteo Ferreira,86527341008,"Setor de Sampaio, 5, Bandeirantes, São Paulo, SP, Brasil",Ouro
Luigi Marques,28740915611,"Largo Ísis Almeida, 18, Conjunto Califórnia I, São Paulo, SP, Brasil",Prata
Dr. Cauã Peixoto,36920587130,"Alameda Natália Vargas, 709, Gameleira, São Paulo, SP, Brasil",Ouro
Rafaela da Rocha,26018374544,"Loteamento Vieira, 26, Camponesa 2ª Seção, São Paulo, SP, Brasil",Diamante
Cauã Cavalcanti,39560412833,"Estrada de Montenegro, 24, Engenho Nogueira, São Paulo, SP, Brasil",Básico
Pietra da Costa,15042967370,"Vale de Porto, 459, Nossa Senhora Da Aparecida, São Paulo, SP, Brasil",Bronze
Srta. Maria Clara Teixeira,89230164704,"Trevo de Leão, 12, Cruzeiro, São Paulo, SP, Brasil",Diamante
Rebeca da Luz,01962438589,"Estrada Ribeiro, 6, Monsenhor Messias, São Paulo, SP, Brasil",Ouro
Luiz Felipe Moura,95271064867,"Passarela Gustavo Henrique Dias, 926, Jaraguá, São Paulo, SP, Brasil",Ouro
Luiz Henrique Castro,90173824650,"Esplanada Liz Pires, 98, São Salvador, São Paulo, SP, Brasil",Prata
Ester Mendonça,27845903647,"Largo Garcia, 96, Nossa Senhora Da Conceição, São Paulo, SP, Brasil",Prata
Liam Casa Grande,24981307560,"Vale de Câmara, 696, Cinquentenário, São Paulo, SP, Brasil",Básico
Stephany Vieira,97136248582,"Quadra Heitor Cardoso, 87, Conjunto Santa Maria, São Paulo, SP, Brasil",Básico
Erick Santos,15264897328,"Fazenda Novais, 37, Itaipu, São Paulo, SP, Brasil",Prata
Vinícius da Mata,48160327544,"Jardim de Mendes, 9, Vila De Sá, São Paulo, SP, Brasil",Básico
Rafaela Pacheco,85734206938,"Estrada Cunha, 95, Gutierrez, São Paulo, SP, Brasil",Ouro
Yago Guerra,39102678586,"Avenida João Vitor Rios, 29, Jatobá, São Paulo, SP, Brasil",Prata
Matheus Rios,67825410335,"Vale Luigi Oliveira, 66, Vila Trinta E Um De Março, São Paulo, SP, Brasil",Prata
Dr. Diego Macedo,14690835748,"Viaduto Albuquerque, 19, Barroca, São Paulo, SP, Brasil",Ouro
Isaque Moraes,59860427356,"Campo Novaes, 51, Cônego Pinheiro 1ª Seção, São Paulo, SP, Brasil",Ouro
Sr. André Lopes,85693742083,"Aeroporto de Macedo, 61, Boa Esperança, São Paulo, SP, Brasil",Ouro
Lívia Moura,69148073296,"Área Danilo Sousa, 325, Vila Suzana Segunda Seção, São Paulo, SP, Brasil",Ouro
Lavínia Pimenta,75480213644,"Quadra de Viana, 64, Delta, São Paulo, SP, Brasil",Prata
Marcelo da Cruz,98173260559,"Núcleo de Pimenta, 72, Jardim Leblon, São Paulo, SP, Brasil",Bronze
João Felipe Ferreira,95647832083,"Favela Brayan Sales, 67, Santa Sofia, São Paulo, SP, Brasil",Diamante
Josué Mendonça,73196240878,"Viela de Oliveira, 762, Piraja, São Paulo, SP, Brasil",Bronze
José Miguel Martins,54683701235,"Lagoa de da Cruz, 7, Jardim Guanabara, São Paulo, SP, Brasil",Básico
Melissa Oliveira,97652813409,"Quadra de Casa Grande, 234, Pilar, São Paulo, SP, Brasil",Bronze
José Camargo,25740619343,"Estrada de da Mata, 6, Aarão Reis, São Paulo, SP, Brasil",Básico
Luiza Farias,13948052760,"Conjunto Novais, 6, Vista Alegre, São Paulo, SP, Brasil",Básico
Giovanna Sales,38675192002,"Jardim Enzo Gabriel Abreu, 54, Vila São Paulo, São Paulo, SP, Brasil",Bronze
Sr. Otto Teixeira,09348157639,"Vila Ana Vitória Caldeira, 4, Lagoa, São Paulo, SP, Brasil",Bronze
Felipe Cavalcanti,83746501920,"Loteamento de da Mata, 267, Serrano, São Paulo, SP, Brasil",Ouro
Nicolas Barros,54067219849,"Rua Bernardo Sá, 48, Suzana, São Paulo, SP, Brasil",Diamante
Liam Borges,10923547606,"Vereda Caleb Vargas, 27, São Marcos, São Paulo, SP, Brasil",Prata
Sr. Noah Fernandes,07641235999,"Trecho Apollo Rocha, 238, Goiania, São Paulo, SP, Brasil",Básico
Felipe Leão,73495608184,"Avenida de Almeida, 80, Chácara Leonina, São Paulo, SP, Brasil",Bronze
Pedro Henrique Casa Grande,03245916752,"Aeroporto de Costa, 88, Vila Madre Gertrudes 4ª Seção, São Paulo, SP, Brasil",Ouro
Alexia Silva,78620314580,"Estrada Martins, 6, Vila Sesc, São Paulo, SP, Brasil",Prata
Bárbara Rodrigues,62945731061,"Sítio Vitor Rezende, 216, Marçola, São Paulo, SP, Brasil",Ouro
Alexia Vasconcelos,87453962137,"Recanto Mirella Montenegro, 60, Fazendinha, São Paulo, SP, Brasil",Diamante
Leandro da Cunha,69421057325,"Sítio Novaes, 17, Vila Aeroporto, São Paulo, SP, Brasil",Prata
Olivia Aparecida,01349685739,"Viaduto de Rezende, 42, Guarani, São Paulo, SP, Brasil",Básico
Natália da Rocha,42917360887,"Conjunto de da Mota, 553, Serra, São Paulo, SP, Brasil",Básico
Antony Moura,91724805649,"Praia Evelyn Lima, 94, Jardim Dos Comerciarios, São Paulo, SP, Brasil",Prata
Maitê Oliveira,40825731607,"Núcleo Leonardo Castro, 7, Tupi B, São Paulo, SP, Brasil",Bronze
Cauê Teixeira,23498760122,"Rua Casa Grande, 69, Horto, São Paulo, SP, Brasil",Ouro
Sr. Rodrigo Camargo,74396058101,"Quadra Costela, 30, Paquetá, São Paulo, SP, Brasil",Básico
Natália Rocha,68019537295,"Setor Alves, 9, Leonina, São Paulo, SP, Brasil",Ouro
Ana Luiza Fonseca,03749612803,"Alameda Pedro Miguel Mendonça, 63, Vila Batik, São Paulo, SP, Brasil",Prata
Bento Ramos,75609483247,"Residencial Rocha, 488, Beija Flor, São Paulo, SP, Brasil",Diamante
Pedro Miguel Albuquerque,20931687586,"Setor de Lopes, 479, Goiania, São Paulo, SP, Brasil",Básico
João Felipe Siqueira,67951243809,"Favela Câmara, 17, Brasil Industrial, São Paulo, SP, Brasil",Ouro
Luna Azevedo,70539681202,"Estação Peixoto, 944, Brasil Industrial, São Paulo, SP, Brasil",Diamante
Nicolas Garcia,81574269364,"Pátio Julia Santos, 24, São Luiz, São Paulo, SP, Brasil",Ouro
Vitor Hugo Moura,86021397568,"Aeroporto de Alves, 4, Marieta 3ª Seção, São Paulo, SP, Brasil",Prata
Breno Costela,03274561916,"Residencial de Sales, 16, Maria Virgínia, São Paulo, SP, Brasil",Ouro
Rhavi Farias,09417562380,"Recanto de Nunes, 43, Marilandia, São Paulo, SP, Brasil",Bronze
Maria Cecília Nogueira,68432597074,"Vila de Aragão, 5, Monsenhor Messias, São Paulo, SP, Brasil",Prata
Maria Júlia Correia,06958237102,"Loteamento de Rezende, 190, Estrela Do Oriente, São Paulo, SP, Brasil",Prata
Maria Luísa Monteiro,49102683750,"Esplanada Mendonça, 61, Ouro Preto, São Paulo, SP, Brasil",Ouro
Caleb Cassiano,19637824022,"Estrada de das Neves, 49, Conjunto Minas Caixa, São Paulo, SP, Brasil",Diamante
Sarah Pastor,49163820722,"Favela Lorena Rocha, 11, Vila Batik, São Paulo, SP, Brasil",Básico
Amanda da Cruz,14982307687,"Travessa de Garcia, 68, Coração De Jesus, São Paulo, SP, Brasil",Prata
Dom Marques,18650492711,"Favela Luiz Fernando Siqueira, 12, Vila Maloca, São Paulo, SP, Brasil",Ouro
Sra. Maya Leão,03168745235,"Passarela Camargo, 73, Corumbiara, São Paulo, SP, Brasil",Ouro
Carlos Eduardo Campos,63409217525,"Área João Guilherme Caldeira, 81, Luxemburgo, São Paulo, SP, Brasil",Bronze
Sr. Enzo Sales,41625793006,"Feira de Correia, 36, Universitário, São Paulo, SP, Brasil",Básico
Isaque Câmara,46930581224,"Passarela Caldeira, 2, Serra Verde, São Paulo, SP, Brasil",Diamante
João Pedro Aparecida,06239541842,"Feira Viana, 2, Cabana Do Pai Tomás, São Paulo, SP, Brasil",Básico
Helena Vasconcelos,37542801635,"Trecho Maria Sophia Leão, 12, Esperança, São Paulo, SP, Brasil",Ouro
Murilo Gonçalves,27456801967,"Alameda Leão, 22, Vila Da Paz, São Paulo, SP, Brasil",Bronze
Liam Gonçalves,59214630860,"Sítio de Pires, 134, Virgínia, São Paulo, SP, Brasil",Básico
Kevin Fonseca,58943716001,"Núcleo Rocha, 13, Leticia, São Paulo, SP, Brasil",Diamante
Aylla Freitas,40127365826,"Campo de Peixoto, 29, Belmonte, São Paulo, SP, Brasil",Prata
Isabelly Peixoto,02579618449,"Conjunto Vicente Moura, 44, Vila Mantiqueira, São Paulo, SP, Brasil",Ouro
Agatha da Rocha,35976240810,"Fazenda Ana Júlia da Rosa, 63, Conjunto Bonsucesso, São Paulo, SP, Brasil",Básico
Aurora Caldeira,75169280386,"Alameda Barros, 64, Novo Glória, São Paulo, SP, Brasil",Diamante
Catarina Rezende,98143527646,"Praia Sales, 71, Califórnia, São Paulo, SP, Brasil",Bronze
Pietro da Luz,26943180703,"Estrada Fonseca, 84, Santa Cruz, São Paulo, SP, Brasil",Bronze
Ana Cecília Fernandes,49658301215,"Estrada Silveira, 4, Jardim Atlântico, São Paulo, SP, Brasil",Prata
Sofia Rezende,30684517957,"Colônia de Pacheco, 26, Parque São José, São Paulo, SP, Brasil",Diamante
Anthony Gabriel da Mata,25716940307,"Via Monteiro, 37, Conjunto Califórnia I, São Paulo, SP, Brasil",Bronze
Dr. Anthony Gabriel Cassiano,41796832022,"Via Stephany Araújo, 71, Itatiaia, São Paulo, SP, Brasil",Ouro
Ana Luiza Ramos,75301648993,"Trecho Ayla Camargo, 55, São Gonçalo, São Paulo, SP, Brasil",Prata
Yago Carvalho,56291078449,"Lago Macedo, 9, Granja Werneck, São Paulo, SP, Brasil",Básico
Camila Pinto,03254896106,"Praia Nicole Marques, 88, Salgado Filho, São Paulo, SP, Brasil",Ouro
João Gabriel Azevedo,63102985777,"Pátio de Correia, 17, Lagoa, São Paulo, SP, Brasil",Diamante
Catarina das Neves,40281975388,"Jardim de Guerra, 63, Rio Branco, São Paulo, SP, Brasil",Diamante
Luna Cavalcanti,04267135916,"Quadra Lunna Jesus, 11, Engenho Nogueira, São Paulo, SP, Brasil",Bronze
André da Conceição,92831567068,"Alameda Andrade, 524, Inconfidência, São Paulo, SP, Brasil",Diamante
Maria Luísa Costa,19028476520,"Rua de Azevedo, 953, Biquinhas, São Paulo, SP, Brasil",Bronze
Rafaela Mendes,87914052388,"Praça Pereira, 47, Alto Dos Pinheiros, São Paulo, SP, Brasil",Prata
Sr. Pedro Henrique Rodrigues,93740651261,"Lago Correia, 3, Oeste, São Paulo, SP, Brasil",Prata
Hellena Sampaio,50236981730,"Ladeira da Conceição, 36, Lajedo, São Paulo, SP, Brasil",Prata
Thomas Araújo,56801723480,"Setor Gael Henrique Silva, 917, Marieta 1ª Seção, São Paulo, SP, Brasil",Ouro
Alícia Castro,82715364946,"Avenida de Martins, 83, Biquinhas, São Paulo, SP, Brasil",Bronze
Matheus Oliveira,13678245080,"Praia Lima, 33, Marçola, São Paulo, SP, Brasil",Bronze
Antony da Luz,35167890420,"Campo Vargas, 269, Minaslandia, São Paulo, SP, Brasil",Básico
Ana Clara Silveira,91870356268,"Parque de Ribeiro, 8, São Jorge 1ª Seção, São Paulo, SP, Brasil",Básico
Marcelo Melo,04926185342,"Sítio Brito, 83, Santa Tereza, São Paulo, SP, Brasil",Ouro
Bruna Abreu,82901354750,"Fazenda Azevedo, 12, Novo Das Industrias, São Paulo, SP, Brasil",Prata
João Vitor Moura,84735291032,"Trecho de Brito, 31, Madre Gertrudes, São Paulo, SP, Brasil",Básico
Sr. Noah Sampaio,46279805158,"Distrito de Melo, 16, Cidade Jardim, São Paulo, SP, Brasil",Prata
Dra. Giovanna da Rocha,94156832015,"Trevo de da Mota, 6, Barreiro, São Paulo, SP, Brasil",Ouro
Felipe Lima,59071248658,"Vila Davi Lucas Oliveira, 659, Cônego Pinheiro 1ª Seção, São Paulo, SP, Brasil",Diamante
Bianca Vargas,98715346200,"Viela de Rezende, 73, Lagoa, São Paulo, SP, Brasil",Diamante
Ryan Jesus,24510689306,"Vereda Teixeira, 55, Lindéia, São Paulo, SP, Brasil",Ouro
Rafaela Caldeira,09572314823,"Vila de Azevedo, 114, Palmeiras, São Paulo, SP, Brasil",Prata
Lavínia Santos,56273408190,"Jardim Bruna Brito, 427, Custodinha, São Paulo, SP, Brasil",Prata
Pietro Sampaio,20975864300,"Setor Sousa, 27, Sport Club, São Paulo, SP, Brasil",Prata
Lunna Alves,05193842704,"Trevo Brayan da Costa, 93, Aarão Reis, São Paulo, SP, Brasil",Básico
Dra. Stella Monteiro,08976124340,"Colônia de Vasconcelos, 92, Vila Satélite, São Paulo, SP, Brasil",Diamante
Dra. Nicole Cirino,57203691470,"Quadra Pacheco, 2, Sport Club, São Paulo, SP, Brasil",Diamante
Pedro Lucas Castro,90183246713,"Residencial Gustavo Araújo, 31, Pilar, São Paulo, SP, Brasil",Bronze
Thales Leão,82051374988,"Feira de Peixoto, 2, Vila Esplanada, São Paulo, SP, Brasil",Diamante
Asafe Vargas,95320617895,"Avenida de Rodrigues, 287, Tiradentes, São Paulo, SP, Brasil",Básico
Luan Mendes,28935710423,"Ladeira de Ferreira, 53, Trevo, São Paulo, SP, Brasil",Diamante
Laura Ramos,50762198303,"Lagoa Maria Laura Albuquerque, 6, Vila Oeste, São Paulo, SP, Brasil",Básico
Isaque Gomes,36172054961,"Quadra de Jesus, 46, Padre Eustáquio, São Paulo, SP, Brasil",Prata
Anna Liz Siqueira,16523749819,"Passarela Theo Andrade, 5, Lajedo, São Paulo, SP, Brasil",Diamante
Ana Júlia Dias,45709816230,"Feira André da Rocha, 24, Vila Olhos D'água, São Paulo, SP, Brasil",Básico
Mariah da Mota,10324856989,"Fazenda Costela, 24, Bom Jesus, São Paulo, SP, Brasil",Ouro
Ravi Azevedo,07268345135,"Conjunto Anthony Gabriel Teixeira, 46, Vila Santo Antônio, São Paulo, SP, Brasil",Bronze
Ana Sophia da Mota,81435697057,"Pátio Aragão, 6, Madre Gertrudes, São Paulo, SP, Brasil",Diamante
Enzo Cardoso,90356824756,"Praça Porto, 265, Pousada Santo Antonio, São Paulo, SP, Brasil",Bronze
Ana Vitória Ribeiro,67098132403,"Favela Kamilly das Neves, 21, Petropolis, São Paulo, SP, Brasil",Prata
Allana da Rocha,29617034840,"Residencial Freitas, 191, Vila Santa Rosa, São Paulo, SP, Brasil",Bronze
Sra. Amanda Jesus,49567803110,"Viaduto de Azevedo, 40, Santa Maria, São Paulo, SP, Brasil",Ouro
Maria Luiza Sá,19842036731,"Colônia Cecilia Viana, 37, Aparecida 7ª Seção, São Paulo, SP, Brasil",Diamante
Gabriel Novaes,28473165900,"Ladeira da Mata, 91, Vitoria Da Conquista, São Paulo, SP, Brasil",Prata
Maria Helena Freitas,91875263012,"Residencial Correia, 533, Oeste, São Paulo, SP, Brasil",Ouro
Yago Nogueira,34786190250,"Loteamento de Barbosa, 36, Pirineus, São Paulo, SP, Brasil",Prata
Arthur Gabriel Macedo,39857016448,"Setor de Sales, 965, Santa Cecilia, São Paulo, SP, Brasil",Básico
Arthur Miguel Vieira,73194865048,"Viaduto de Rios, 680, Apolonia, São Paulo, SP, Brasil",Básico
Davi Miguel Rezende,91563472864,"Colônia Melo, 13, Caetano Furquim, São Paulo, SP, Brasil",Básico
Maria Flor Moreira,93586241755,"Chácara de Lopes, 443, Cdi Jatoba, São Paulo, SP, Brasil",Ouro
Luiz Otávio Porto,75926031877,"Feira de Fogaça, 3, Esperança, São Paulo, SP, Brasil",Diamante
Luiz Fernando Lima,23184956709,"Parque Rocha, 3, Vila Sumaré, São Paulo, SP, Brasil",Bronze
Augusto Melo,03857241608,"Trecho Raul Azevedo, 34, Acaba Mundo, São Paulo, SP, Brasil",Ouro
Luigi da Paz,72805463153,"Passarela Bryan Marques, 246, Conjunto São Francisco De Assis, São Paulo, SP, Brasil",Básico
Luiz Gustavo Guerra,92487351691,"Travessa de Almeida, 50, Tupi B, São Paulo, SP, Brasil",Bronze
Maria Vitória Silva,32157964819,"Estrada de da Mata, 43, Santa Rita, São Paulo, SP, Brasil",Bronze
Sr. Augusto Siqueira,94873625173,"Morro Josué Abreu, 25, Vila Esplanada, São Paulo, SP, Brasil",Básico
Henrique da Mata,67053824144,"Lago de Correia, 77, Santa Inês, São Paulo, SP, Brasil",Bronze
José Miguel Fonseca,17542698001,"Campo de Correia, 14, Estrela, São Paulo, SP, Brasil",Diamante
Maria Sophia Lopes,58231076417,"Morro de Duarte, 71, Renascença, São Paulo, SP, Brasil",Bronze
Aurora Montenegro,63419570252,"Jardim Breno Novais, 7, Jardim Alvorada, São Paulo, SP, Brasil",Diamante
Lunna Vasconcelos,19650482776,"Recanto de Pimenta, 72, Novo Aarão Reis, São Paulo, SP, Brasil",Básico
Mathias Lopes,71290538603,"Vereda Aylla Novaes, 34, Primeiro De Maio, São Paulo, SP, Brasil",Diamante
Pedro Henrique Caldeira,23086491515,"Via Agatha Câmara, 9, Estoril, São Paulo, SP, Brasil",Prata
Luísa Borges,27514836071,"Conjunto de Melo, 71, Itatiaia, São Paulo, SP, Brasil",Ouro
Ana Julia Nogueira,58604293710,"Conjunto de da Cunha, 84, Pantanal, São Paulo, SP, Brasil",Básico
Sara da Rosa,07186943500,"Estrada Garcia, 91, Ermelinda, São Paulo, SP, Brasil",Bronze
Vitor Moraes,98345712088,"Condomínio de Pimenta, 49, Vila Vista Alegre, São Paulo, SP, Brasil",Diamante
Anthony Brito,79543068283,"Área de Cassiano, 45, Álvaro Camargos, São Paulo, SP, Brasil",Prata
Srta. Júlia Casa Grande,12506749802,"Travessa Maria Liz Dias, 25, Vila Aeroporto Jaraguá, São Paulo, SP, Brasil",Ouro
Hadassa Costela,82964710350,"Vale de Araújo, 33, Mineirão, São Paulo, SP, Brasil",Ouro
Dra. Julia da Rosa,83016597420,"Praça Camargo, 705, Gameleira, São Paulo, SP, Brasil",Prata
Calebe Novais,72843596092,"Loteamento de Guerra, 653, Marajó, São Paulo, SP, Brasil",Ouro
Maria Sophia Melo,37549810648,"Feira Costa, 10, Novo Santa Cecilia, São Paulo, SP, Brasil",Bronze
Nina Caldeira,50471968366,"Setor de Almeida, 1, Cinquentenário, São Paulo, SP, Brasil",Ouro
Miguel Silva,16370928577,"Feira Bento Novaes, 17, Canaa, São Paulo, SP, Brasil",Prata
Lucas Brito,85736241080,"Aeroporto de Monteiro, 56, Santa Efigênia, São Paulo, SP, Brasil",Básico
Letícia Moura,42695078102,"Lago Pedro Lucas Caldeira, 38, Vila Jardim São José, São Paulo, SP, Brasil",Diamante
Yasmin Casa Grande,25803716995,"Fazenda de Leão, 17, Vila Coqueiral, São Paulo, SP, Brasil",Bronze
Elisa Cunha,98163045701,"Lago Ísis Novaes, 11, Alto Dos Pinheiros, São Paulo, SP, Brasil",Bronze
Luiz Felipe Araújo,28740691322,"Viela Yago Pereira, 97, Dom Joaquim, São Paulo, SP, Brasil",Ouro
Maya Andrade,59608142342,"Praia de da Rosa, 358, Vila Sesc, São Paulo, SP, Brasil",Ouro
Igor Santos,45163782053,"Campo Moraes, 51, Monte Azul, São Paulo, SP, Brasil",Prata
Srta. Sarah Moura,15980476202,"Distrito Cirino, 42, Suzana, São Paulo, SP, Brasil",Prata
Ana Cecília Peixoto,25834719619,"Lago de Casa Grande, 27, Conjunto Santa Maria, São Paulo, SP, Brasil",Prata
Emanuel Souza,57410382988,"Estrada Natália Ramos, 4, Marçola, São Paulo, SP, Brasil",Bronze
Fernando da Luz,15264803790,"Via de Vieira, 419, Nossa Senhora Aparecida, São Paulo, SP, Brasil",Bronze
Yan Fonseca,19542637837,"Quadra Aparecida, 2, Ambrosina, São Paulo, SP, Brasil",Ouro
Manuella Rodrigues,14950786202,"Residencial de Teixeira, 4, Dom Bosco, São Paulo, SP, Brasil",Ouro
Isabelly Oliveira,23815640989,"Quadra Camargo, 647, Santa Monica, São Paulo, SP, Brasil",Básico
Fernando Cavalcante,49872160511,"Praia Cavalcante, 22, Lindéia, São Paulo, SP, Brasil",Ouro
Dr. Gabriel Barros,43298057150,"Lago de Andrade, 15, Itatiaia, São Paulo, SP, Brasil",Ouro
Guilherme Siqueira,13285604905,"Trecho Ísis da Luz, 898, Olaria, São Paulo, SP, Brasil",Básico
Sra. Emanuella Santos,37085429674,"Praça Barbosa, 72, Conjunto Santa Maria, São Paulo, SP, Brasil",Bronze
Ana Júlia Silveira,83204916570,"Morro Luana da Conceição, 92, Ouro Preto, São Paulo, SP, Brasil",Bronze
Mariana Borges,32964850151,"Lago Duarte, 472, Santa Sofia, São Paulo, SP, Brasil",Prata
Bruno Pires,89602573112,"Viela de Gonçalves, 73, Vila Nova Cachoeirinha 2ª Seção, São Paulo, SP, Brasil",Básico
Maria Eduarda Casa Grande,64520918758,"Núcleo de Pereira, 136, Camargos, São Paulo, SP, Brasil",Básico
Srta. Clara Garcia,23185746007,"Parque Montenegro, 1, Palmares, São Paulo, SP, Brasil",Prata
Ravy Siqueira,27019354823,"Vale Lara Moraes, 2, Vila Novo São Lucas, São Paulo, SP, Brasil",Prata
Stella Barros,65309741216,"Lagoa de Ramos, 12, Vila Piratininga Venda Nova, São Paulo, SP, Brasil",Básico
Emanuel da Rocha,05673198493,"Vale Farias, 679, São Cristóvão, São Paulo, SP, Brasil",Diamante
Srta. Cecília Abreu,72360819496,"Trevo de Correia, 4, Heliopolis, São Paulo, SP, Brasil",Bronze
Davi Lucas Nogueira,04136825951,"Rodovia Vargas, 24, Jardim São José, São Paulo, SP, Brasil",Bronze
Sra. Alana Moreira,61289573409,"Passarela Vasconcelos, 65, Goiania, São Paulo, SP, Brasil",Bronze
Larissa da Rocha,52067349856,"Travessa Isaque Cassiano, 62, Xangri-Lá, São Paulo, SP, Brasil",Prata
Isabel Guerra,39760851466,"Viela Guilherme da Mata, 1, Jardim Felicidade, São Paulo, SP, Brasil",Básico
Mirella Costela,05674398100,"Chácara de da Conceição, 78, Lourdes, São Paulo, SP, Brasil",Ouro
Helena Almeida,94187263004,"Campo Garcia, 41, Miramar, São Paulo, SP, Brasil",Prata
Alícia Alves,64390852124,"Quadra Lopes, 93, Mineirão, São Paulo, SP, Brasil",Prata
Sr. Pedro Abreu,68079123586,"Lagoa Camargo, 46, Jardinópolis, São Paulo, SP, Brasil",Prata
Maria Eduarda Monteiro,65087923186,"Rua Lorenzo Machado, 56, Vila Atila De Paiva, São Paulo, SP, Brasil",Básico
Antônio da Luz,52983674100,"Residencial Vasconcelos, 34, Custodinha, São Paulo, SP, Brasil",Ouro
Rafaela Cavalcanti,60831549289,"Trevo de Gonçalves, 26, São Francisco, São Paulo, SP, Brasil",Bronze
Vitor Gabriel Fonseca,48513269042,"Alameda Gael Pires, 60, Nossa Senhora Da Conceição, São Paulo, SP, Brasil",Diamante
Srta. Eloah Porto,16803594793,"Largo Larissa Casa Grande, 73, Santa Rita De Cássia, São Paulo, SP, Brasil",Prata
Gabriela Brito,35098642124,"Residencial de Lopes, 67, Horto Florestal, São Paulo, SP, Brasil",Básico
Yan Sousa,32197650416,"Viaduto de Gomes, 12, Conjunto Jardim Filadélfia, São Paulo, SP, Brasil",Básico
Daniel Azevedo,45719032860,"Passarela Fernanda Cardoso, 789, Califórnia, São Paulo, SP, Brasil",Prata
Ian Mendonça,69021347822,"Rodovia de Viana, 97, Novo Das Industrias, São Paulo, SP, Brasil",Prata
Liz Sampaio,24630958142,"Avenida Silva, 28, União, São Paulo, SP, Brasil",Básico
Maria Clara Aparecida,82315796059,"Vale Vieira, 441, Unidas, São Paulo, SP, Brasil",Diamante
Sr. Nathan Dias,14852067902,"Quadra de Martins, 8, Vila São Paulo, São Paulo, SP, Brasil",Prata
Ana Julia Almeida,26980513702,"Setor de Abreu, 99, Vila Madre Gertrudes 2ª Seção, São Paulo, SP, Brasil",Prata
Sarah Viana,62704138508,"Praça Silveira, 80, Santa Helena, São Paulo, SP, Brasil",Diamante
Apollo Moreira,95267831077,"Pátio Juan Araújo, 15, Vila Paquetá, São Paulo, SP, Brasil",Prata
Dra. Sarah Ramos,78910635401,"Fazenda de Albuquerque, 20, Santa Maria, São Paulo, SP, Brasil",Diamante
Dra. Maria Clara Sá,85064321970,"Colônia Castro, 69, Nova Gameleira, São Paulo, SP, Brasil",Bronze
Pedro Camargo,81465930701,"Lago Cavalcanti, 9, Vila Madre Gertrudes 1ª Seção, São Paulo, SP, Brasil",Ouro
Thomas Rodrigues,06891527368,"Residencial Farias, 874, Jardim Do Vale, São Paulo, SP, Brasil",Prata
Alícia Albuquerque,17458236035,"Núcleo de da Costa, 56, Oeste, São Paulo, SP, Brasil",Bronze
Dr. Bento Machado,72519843691,"Morro de da Cunha, 97, Castelo, São Paulo, SP, Brasil",Diamante
Pietra Pinto,56189047300,"Vale Novais, 22, Santa Amelia, São Paulo, SP, Brasil",Diamante
Manuela Jesus,95823764146,"Pátio Alves, 9, Leonina, São Paulo, SP, Brasil",Diamante
Yan Ribeiro,82631790413,"Distrito Peixoto, 96, São Francisco Das Chagas, São Paulo, SP, Brasil",Básico
Cauê da Mota,76418509285,"Jardim Davi Lucca Albuquerque, 11, Vila Jardim Leblon, São Paulo, SP, Brasil",Bronze
Heitor Cardoso,36124579006,"Favela de Cavalcante, 30, Mangueiras, São Paulo, SP, Brasil",Ouro
Dr. Lucas Rodrigues,75894016339,"Conjunto Gonçalves, 1, Vila São Gabriel, São Paulo, SP, Brasil",Prata
Maria Luiza da Cunha,73086591439,"Pátio Asafe Mendonça, 22, Buritis, São Paulo, SP, Brasil",Bronze
Bernardo Fogaça,10947253823,"Viela da Conceição, 69, Vila Nova Cachoeirinha 2ª Seção, São Paulo, SP, Brasil",Prata
José Vargas,98706534139,"Estação de da Mota, 46, Vila Nova Cachoeirinha 2ª Seção, São Paulo, SP, Brasil",Básico
Maysa Garcia,02546893700,"Estação Ana Laura Cavalcanti, 55, São Lucas, São Paulo, SP, Brasil",Ouro
Bryan Sales,78096453238,"Alameda de Fogaça, 20, Sport Club, São Paulo, SP, Brasil",Prata
Sr. Yuri Cardoso,89571046230,"Avenida Bruno Lima, 356, Bom Jesus, São Paulo, SP, Brasil",Prata
Valentim Cunha,72103968530,"Jardim Santos, 83, Tres Marias, São Paulo, SP, Brasil",Diamante
Sra. Larissa Cassiano,16043975866,"Travessa Pinto, 68, Cruzeiro, São Paulo, SP, Brasil",Diamante
Nicole Freitas,53069718221,"Fazenda de Novaes, 65, Conjunto Capitão Eduardo, São Paulo, SP, Brasil",Básico
Dom Pimenta,53672894109,"Aeroporto Antônio Aparecida, 99, Miramar, São Paulo, SP, Brasil",Básico
Dra. Sophie Porto,82315964024,"Aeroporto de Melo, 74, Havaí, São Paulo, SP, Brasil",Ouro
Maya Lima,51026739802,"Setor Zoe Nogueira, 78, Serra Verde, São Paulo, SP, Brasil",Ouro
Bernardo Melo,14796283528,"Lagoa de Vargas, 733, Conjunto Bonsucesso, São Paulo, SP, Brasil",Ouro
Daniel Silveira,01897324669,"Conjunto de Leão, 51, Guarani, São Paulo, SP, Brasil",Prata
Rafaela Rios,31859024670,"Feira Otto Vargas, 417, Vera Cruz, São Paulo, SP, Brasil",Bronze
Giovanna Novais,16870259321,"Conjunto Pires, 1, Minas Caixa, São Paulo, SP, Brasil",Diamante
Maria Vitória Sá,85261037921,"Loteamento de Garcia, 5, Marieta 1ª Seção, São Paulo, SP, Brasil",Ouro
Emanuel Campos,04598716339,"Recanto de Mendonça, 90, Glória, São Paulo, SP, Brasil",Prata
Luigi Câmara,56178432062,"Quadra Benjamin Carvalho, 3, São João, São Paulo, SP, Brasil",Diamante
Theodoro Rezende,75920134607,"Jardim de Novaes, 48, Olhos D'água, São Paulo, SP, Brasil",Prata
Julia Siqueira,65380179240,"Feira Vargas, 48, Nova Esperança, São Paulo, SP, Brasil",Ouro
Anthony Leão,67249318004,"Chácara Caldeira, 9, Inconfidência, São Paulo, SP, Brasil",Diamante
Esther Araújo,40956823700,"Lagoa de Siqueira, 59, Ademar Maldonado, São Paulo, SP, Brasil",Básico
Igor Martins,27034681996,"Recanto da Rosa, 390, Camponesa 1ª Seção, São Paulo, SP, Brasil",Diamante
Raul Correia,24601937507,"Rua Ana Clara Alves, 643, Prado, São Paulo, SP, Brasil",Diamante
Sophia Moraes,82614395773,"Sítio de Nogueira, 65, Vila Boa Vista, São Paulo, SP, Brasil",Básico
Sr. Benício Pereira,06934185242,"Feira Ayla Ribeiro, 80, Horto, São Paulo, SP, Brasil",Ouro
Calebe Albuquerque,78654290102,"Via Moreira, 15, João Pinheiro, São Paulo, SP, Brasil",Bronze
Melina Farias,18024735644,"Núcleo Macedo, 100, Esplanada, São Paulo, SP, Brasil",Prata
Marcos Vinicius Jesus,68320147913,"Viaduto Noah Guerra, 41, Vila Primeiro De Maio, São Paulo, SP, Brasil",Ouro
Srta. Ana Laura Siqueira,73129584609,"Condomínio da Costa, 86, Vila Barragem Santa Lúcia, São Paulo, SP, Brasil",Prata
Melina Aparecida,61740239580,"Esplanada Sales, 46, Cabana Do Pai Tomás, São Paulo, SP, Brasil",Bronze
Liz Ribeiro,63017529452,"Aeroporto Vinícius Cardoso, 59, Vila Jardim Alvorada, São Paulo, SP, Brasil",Prata
Gustavo da Mota,04897631203,"Trecho Agatha Sampaio, 3, Suzana, São Paulo, SP, Brasil",Bronze
Anthony Castro,86371952021,"Praia de Fogaça, 589, Conjunto Novo Dom Bosco, São Paulo, SP, Brasil",Básico
Alice Santos,06872531959,"Parque Nathan Costa, 60, Mantiqueira, São Paulo, SP, Brasil",Diamante
Fernanda Peixoto,35286490115,"Estrada Isabella Monteiro, 59, Apolonia, São Paulo, SP, Brasil",Bronze
Srta. Maria Sophia Teixeira,16397254070,"Residencial Nogueira, 61, Vila Santo Antônio Barroquinha, São Paulo, SP, Brasil",Ouro
Arthur Miguel Pimenta,40629781303,"Rua de Andrade, 761, Vila Maloca, São Paulo, SP, Brasil",Diamante
Sra. Valentina Siqueira,35048962133,"Área Sampaio, 50, Jardim Atlântico, São Paulo, SP, Brasil",Prata
Maria Helena Martins,56803921786,"Travessa Viana, 96, Embaúbas, São Paulo, SP, Brasil",Prata
Mariane Azevedo,56740389292,"Esplanada de Nascimento, 498, São Francisco Das Chagas, São Paulo, SP, Brasil",Prata
Samuel da Rocha,87301452950,"Rodovia Marques, 354, Braúnas, São Paulo, SP, Brasil",Diamante
João da Paz,61793458057,"Passarela de Pimenta, 51, Atila De Paiva, São Paulo, SP, Brasil",Prata
Dra. Kamilly Siqueira,81973650401,"Jardim Cecilia Vargas, 37, Funcionários, São Paulo, SP, Brasil",Bronze
Dom Almeida,94658102749,"Sítio Arthur Miguel Correia, 75, Miramar, São Paulo, SP, Brasil",Prata
Dr. Henry Gabriel Santos,75492103652,"Área Campos, 39, Vila São Geraldo, São Paulo, SP, Brasil",Bronze
Ryan Camargo,43961257043,"Travessa Araújo, 16, Havaí, São Paulo, SP, Brasil",Prata
Melissa Mendes,59734026810,"Área Igor Nascimento, 1, Santo Agostinho, São Paulo, SP, Brasil",Prata
Ana Luiza Martins,57932680140,"Avenida João Gabriel Siqueira, 49, Santa Monica, São Paulo, SP, Brasil",Ouro
Yago Pacheco,43726981004,"Sítio de Brito, 267, Teixeira Dias, São Paulo, SP, Brasil",Prata
José Miguel Pereira,63184792013,"Jardim de Almeida, 76, Mantiqueira, São Paulo, SP, Brasil",Básico
Alexandre da Conceição,46350287126,"Aeroporto Rebeca Ramos, 510, Vila Sumaré, São Paulo, SP, Brasil",Ouro
Maysa Vieira,68751042967,"Favela Vitor Fonseca, 859, Santo André, São Paulo, SP, Brasil",Bronze
Srta. Ana Julia Marques,43518270680,"Trecho de Mendonça, 54, Paraíso, São Paulo, SP, Brasil",Bronze
Luna Nascimento,81947623591,"Chácara Dom Cirino, 35, Ernesto Nascimento, São Paulo, SP, Brasil",Básico
Jade Garcia,38156294033,"Viaduto de Duarte, 92, Vila Da Luz, São Paulo, SP, Brasil",Prata
Gabriela da Cruz,60217845967,"Alameda Antony Andrade, 43, Beira Linha, São Paulo, SP, Brasil",Diamante
Jade Montenegro,76054923838,"Vale da Costa, 2, Vila Canto Do Sabiá, São Paulo, SP, Brasil",Diamante
Maria Eduarda Aparecida,52697140352,"Lagoa de Ribeiro, 870, Outro, São Paulo, SP, Brasil",Diamante
Maria Julia Novais,46392801570,"Vereda Aragão, 1, Cachoeirinha, São Paulo, SP, Brasil",Bronze
Antônio da Rocha,20345179897,"Lagoa Maria Fernanda da Cruz, 656, Providencia, São Paulo, SP, Brasil",Básico
Isaque Nunes,17092835640,"Passarela de da Rocha, 951, Vila Havaí, São Paulo, SP, Brasil",Básico
Ana Beatriz Pires,13708496566,"Área Beatriz Campos, 6, Vila Inestan, São Paulo, SP, Brasil",Básico
Théo Cunha,54018637993,"Vereda Stephany Rezende, 44, Antonio Ribeiro De Abreu 1ª Seção, São Paulo, SP, Brasil",Bronze
Luísa Leão,72964013896,"Trecho Laura Viana, 98, Bernadete, São Paulo, SP, Brasil",Bronze
Zoe da Rosa,25367190812,"Chácara Yuri Vieira, 800, Boa União 1ª Seção, São Paulo, SP, Brasil",Ouro
Luiz Fernando Porto,80654729158,"Viela Barros, 603, João Pinheiro, São Paulo, SP, Brasil",Ouro
Sr. Vinicius Casa Grande,60784329583,"Lago de Cavalcante, 733, Cônego Pinheiro 2ª Seção, São Paulo, SP, Brasil",Ouro
Luigi Pereira,70293846103,"Quadra Ísis Peixoto, 61, Vila Copasa, São Paulo, SP, Brasil",Prata
Rafael Freitas,48267039538,"Estação de Caldeira, 42, Tupi B, São Paulo, SP, Brasil",Bronze
Letícia das Neves,07913584297,"Núcleo de Oliveira, 34, Ventosa, São Paulo, SP, Brasil",Prata
Ana Laura Vasconcelos,59412683006,"Via Mendonça, 8, Conjunto Lagoa, São Paulo, SP, Brasil",Bronze
Sra. Maria Luiza Alves,98601374204,"Pátio de da Luz, 84, Alto Barroca, São Paulo, SP, Brasil",Bronze
Dra. Emanuelly Guerra,34658109700,"Favela Isabella Lopes, 2, Milionario, São Paulo, SP, Brasil",Prata
Gabriela Montenegro,35719068295,"Praia Rodrigo Moreira, 28, Santa Rosa, São Paulo, SP, Brasil",Prata
Maria Isis Lima,45796123882,"Favela Emanuel Fogaça, 521, Dom Cabral, São Paulo, SP, Brasil",Diamante
Benjamim Leão,85614720308,"Recanto de Albuquerque, 91, Flavio Marques Lisboa, São Paulo, SP, Brasil",Prata
Mathias Sousa,73269148003,"Sítio Catarina Ferreira, 36, Pantanal, São Paulo, SP, Brasil",Básico
Carolina Sales,75240831653,"Aeroporto Peixoto, 47, Frei Leopoldo, São Paulo, SP, Brasil",Diamante
Caroline Sampaio,93456701810,"Sítio de Rezende, 476, Vila Nova Cachoeirinha 3ª Seção, São Paulo, SP, Brasil",Bronze
Luiz Felipe Pimenta,53847069292,"Sítio de Dias, 876, Vila Nova Cachoeirinha 2ª Seção, São Paulo, SP, Brasil",Ouro
Cecília Azevedo,49718623582,"Parque de Montenegro, 85, Vila São Paulo, São Paulo, SP, Brasil",Diamante
Milena Cavalcanti,76134908231,"Feira Rocha, 678, Copacabana, São Paulo, SP, Brasil",Ouro
Nicolas Rocha,65347908157,"Travessa Yasmin Vargas, 40, Bairro Das Indústrias Ii, São Paulo, SP, Brasil",Prata
Maitê das Neves,52683410905,"Viela de Araújo, 53, Vila Santa Monica 2ª Seção, São Paulo, SP, Brasil",Prata
Letícia Cardoso,31680924524,"Setor Nina Garcia, 80, Santa Maria, São Paulo, SP, Brasil",Ouro
Mariana Borges,72836041978,"Via Ana Vitória Sá, 4, Guarani, São Paulo, SP, Brasil",Diamante
Dr. Emanuel Cavalcante,93267841003,"Núcleo Aragão, 41, Vila Antena Montanhês, São Paulo, SP, Brasil",Básico
Eduardo da Rosa,03957614848,"Estação de Carvalho, 44, Itaipu, São Paulo, SP, Brasil",Ouro
Sr. Luiz Felipe Aparecida,51026937434,"Vila de da Luz, 21, Pindura Saia, São Paulo, SP, Brasil",Bronze
Dr. Davi Miguel da Rosa,51462930743,"Travessa Garcia, 5, Estoril, São Paulo, SP, Brasil",Diamante
Otto Farias,36451890766,"Avenida Alexandre da Conceição, 47, Mala E Cuia, São Paulo, SP, Brasil",Bronze
Isabelly Farias,49672105894,"Passarela das Neves, 911, Prado, São Paulo, SP, Brasil",Prata
Isabella Castro,59036718457,"Via Nascimento, 38, Vila Oeste, São Paulo, SP, Brasil",Ouro
Maria Eduarda Barros,42750968194,"Distrito de Moura, 98, Juliana, São Paulo, SP, Brasil",Básico
Maria Isis Campos,25713809404,"Via Leão, 78, Conjunto Jatoba, São Paulo, SP, Brasil",Diamante
Sra. Ana Luiza da Mota,32957168030,"Favela Rezende, 5, Apolonia, São Paulo, SP, Brasil",Básico
Ana Julia Fonseca,83741025607,"Esplanada Brito, 85, João Paulo Ii, São Paulo, SP, Brasil",Prata
Diogo Viana,09132687559,"Esplanada Marcos Vinicius Machado, 2, Vila Madre Gertrudes 3ª Seção, São Paulo, SP, Brasil",Prata
Yuri da Paz,75920134607,"Viaduto Isabel Carvalho, 77, Vila Jardim Leblon, São Paulo, SP, Brasil",Diamante
Joaquim Ribeiro,43017289532,"Favela de Nascimento, 13, Camargos, São Paulo, SP, Brasil",Básico
Gael Henrique Campos,06478159230,"Recanto Ísis Machado, 67, Colégio Batista, São Paulo, SP, Brasil",Prata
Larissa da Costa,58093142606,"Vila Nogueira, 2, Calafate, São Paulo, SP, Brasil",Básico
Luigi Novais,58130472635,"Favela Evelyn Pimenta, 7, Antonio Ribeiro De Abreu 1ª Seção, São Paulo, SP, Brasil",Básico
Pietro Sampaio,97230845629,"Setor Bruna da Mata, 873, Solimoes, São Paulo, SP, Brasil",Ouro
Theo Barbosa,14365720880,"Largo de Mendes, 95, Vila Dos Anjos, São Paulo, SP, Brasil",Diamante
Esther Monteiro,25380174671,"Jardim Antônio Alves, 42, Vila São Gabriel, São Paulo, SP, Brasil",Ouro
Lunna Ribeiro,39728450141,"Parque Barros, 71, Mangueiras, São Paulo, SP, Brasil",Diamante
Anthony Sampaio,02683159730,"Setor de Castro, 6, Garças, São Paulo, SP, Brasil",Diamante
Lorena Fogaça,30612974561,"Trevo Oliveira, 32, Grajaú, São Paulo, SP, Brasil",Bronze
Matheus Aparecida,64132807940,"Rodovia Albuquerque, 854, Rio Branco, São Paulo, SP, Brasil",Diamante
Bruno Montenegro,48023516744,"Residencial Aragão, 37, Candelaria, São Paulo, SP, Brasil",Diamante
Felipe Pires,62039145761,"Vereda Araújo, 39, Universo, São Paulo, SP, Brasil",Bronze
Ian Nogueira,24306759199,"Favela Araújo, 204, Leonina, São Paulo, SP, Brasil",Diamante
Maria Alice Borges,35926870186,"Morro Ryan Aragão, 19, Castanheira, São Paulo, SP, Brasil",Ouro
Rhavi Sousa,04197368593,"Largo Leão, 26, Parque São Pedro, São Paulo, SP, Brasil",Diamante
Vitor Caldeira,08459361748,"Conjunto de Araújo, 30, Betânia, São Paulo, SP, Brasil",Bronze
Olivia Pacheco,67284519002,"Praia Sara Costela, 1, Bandeirantes, São Paulo, SP, Brasil",Bronze
Amanda da Costa,60285173480,"Avenida Mendes, 47, Santana Do Cafezal, São Paulo, SP, Brasil",Ouro
Sra. Luara da Mata,52103689470,"Favela de Cardoso, 29, São Sebastião, São Paulo, SP, Brasil",Básico
Luiz Henrique da Paz,24865091351,"Distrito Luiz Fernando Sousa, 782, Vila Nova Dos Milionarios, São Paulo, SP, Brasil",Bronze
Joaquim Borges,82745903683,"Lagoa Monteiro, 62, Planalto, São Paulo, SP, Brasil",Prata
Ana Júlia da Costa,86705492392,"Avenida Almeida, 13, Belvedere, São Paulo, SP, Brasil",Diamante
Sra. Ana Julia Novais,34276190525,"Trecho de da Cunha, 75, Nova Esperança, São Paulo, SP, Brasil",Básico
Dr. Arthur Gabriel Caldeira,05783149241,"Jardim Lima, 2, Santa Maria, São Paulo, SP, Brasil",Ouro
Lara Novaes,94365012851,"Vila de Silveira, 3, Campo Alegre, São Paulo, SP, Brasil",Bronze
Ayla Ramos,98473506200,"Favela de Mendes, 79, Granja De Freitas, São Paulo, SP, Brasil",Bronze
Vinicius Alves,69257014894,"Praça João Gabriel Ramos, 21, Rio Branco, São Paulo, SP, Brasil",Ouro
Lucas Barbosa,71640859276,"Pátio de Rios, 34, Araguaia, São Paulo, SP, Brasil",Prata
Lunna Camargo,59610728359,"Campo Lara Siqueira, 780, Vila Copasa, São Paulo, SP, Brasil",Prata
Carolina Novaes,17352604952,"Área Benjamim Garcia, 503, Alto Barroca, São Paulo, SP, Brasil",Ouro
Jade Vasconcelos,74195306299,"Praia da Mota, 6, Vila Rica, São Paulo, SP, Brasil",Ouro
Vitória Teixeira,38125704914,"Lagoa Viana, 71, Jardim Felicidade, São Paulo, SP, Brasil",Ouro
Bárbara Novais,42506739106,"Feira Augusto Ribeiro, 83, Vila Puc, São Paulo, SP, Brasil",Bronze
Luísa Moreira,92513087488,"Alameda de Vargas, 80, Vila Formosa, São Paulo, SP, Brasil",Prata
Ágatha Sampaio,68495072300,"Praça de Almeida, 140, Barroca, São Paulo, SP, Brasil",Diamante
Asafe Farias,04785326956,"Ladeira Luara Moura, 77, Nova America, São Paulo, SP, Brasil",Bronze
Ísis Cunha,47529160370,"Travessa Alves, 62, São Jorge 1ª Seção, São Paulo, SP, Brasil",Ouro
Dra. Laís Gomes,79805462102,"Trecho Nascimento, 64, Nova Floresta, São Paulo, SP, Brasil",Bronze
Benicio Santos,42963817096,"Travessa de Aparecida, 9, Vila Suzana Primeira Seção, São Paulo, SP, Brasil",Diamante
Maria Nogueira,28763410508,"Viaduto de Vasconcelos, 40, Nova Gameleira, São Paulo, SP, Brasil",Básico
Thiago Sá,39578012659,"Recanto de Mendonça, 74, Vila Jardim Alvorada, São Paulo, SP, Brasil",Bronze
Manuella Cardoso,97520318460,"Vila de da Rosa, 42, Dom Joaquim, São Paulo, SP, Brasil",Básico
Luísa Silveira,20846751976,"Praia Moura, 1, Nova Pampulha, São Paulo, SP, Brasil",Bronze
Pedro Lucas Freitas,89435267092,"Chácara de Dias, 72, Vila Santo Antônio Barroquinha, São Paulo, SP, Brasil",Diamante
Camila Campos,31047852950,"Condomínio Camargo, 3, São Bento, São Paulo, SP, Brasil",Ouro
Gabriel Nogueira,47296810530,"Loteamento de Sampaio, 637, Belmonte, São Paulo, SP, Brasil",Prata
Mirella Fonseca,08391756475,"Alameda de Rodrigues, 2, Dom Silverio, São Paulo, SP, Brasil",Bronze
Miguel Alves,25410897323,"Trecho Heloísa Pinto, 48, Etelvina Carneiro, São Paulo, SP, Brasil",Diamante
Eduardo da Rocha,97528314609,"Trevo Arthur Silveira, 86, Marieta 1ª Seção, São Paulo, SP, Brasil",Prata
Larissa Borges,81579406211,"Conjunto Samuel Santos, 9, Ribeiro De Abreu, São Paulo, SP, Brasil",Prata
Caroline Silva,96348210731,"Avenida Isadora Casa Grande, 161, Aguas Claras, São Paulo, SP, Brasil",Diamante
Guilherme Sousa,28593164773,"Ladeira Ferreira, 1, Nazare, São Paulo, SP, Brasil",Bronze
Ísis Melo,73180264535,"Praça de Novais, 96, Itapoa, São Paulo, SP, Brasil",Ouro
Davi Farias,28906147350,"Rodovia Guilherme Fogaça, 6, Dom Bosco, São Paulo, SP, Brasil",Prata
Ayla Borges,17238064987,"Conjunto de Sales, 131, Vila Batik, São Paulo, SP, Brasil",Básico
Leonardo da Mota,73946128564,"Praça Moraes, 421, Vila Cemig, São Paulo, SP, Brasil",Básico
Liz Costela,42876013517,"Favela Fonseca, 32, Nossa Senhora Aparecida, São Paulo, SP, Brasil",Prata
Dom Aparecida,50432719814,"Campo de Sampaio, 4, Alto Dos Pinheiros, São Paulo, SP, Brasil",Ouro
Maria Alice Gonçalves,71805963457,"Estrada Sousa, 13, Fazendinha, São Paulo, SP, Brasil",Ouro
Emilly Albuquerque,62048371507,"Aeroporto de Jesus, 65, Ouro Preto, São Paulo, SP, Brasil",Prata
Dr. Marcelo Fogaça,65198402702,"Chácara de da Costa, 5, Boa União 2ª Seção, São Paulo, SP, Brasil",Básico
João Guilherme Correia,72409385656,"Viaduto da Rosa, 4, Guarani, São Paulo, SP, Brasil",Básico
Lorenzo Pastor,43195687291,"Pátio Caldeira, 26, Beira Linha, São Paulo, SP, Brasil",Bronze
Pedro Lucas Duarte,84657309200,"Núcleo Farias, 82, Pongelupe, São Paulo, SP, Brasil",Ouro
Srta. Kamilly Aragão,04269381787,"Feira da Luz, 5, Oeste, São Paulo, SP, Brasil",Bronze
Davi Lucca Cavalcanti,92465871382,"Colônia Fernandes, 33, Pindura Saia, São Paulo, SP, Brasil",Prata
Yasmin da Cruz,41025687949,"Recanto de Silveira, 88, Glória, São Paulo, SP, Brasil",Ouro
Sr. João Vitor Caldeira,94178506366,"Praia Thales Cavalcante, 339, Nossa Senhora Da Conceição, São Paulo, SP, Brasil",Bronze
Davi Luiz Ribeiro,37682490187,"Favela Martins, 1, Vila Puc, São Paulo, SP, Brasil",Ouro
Agatha Casa Grande,73198405610,"Núcleo Caroline Sousa, 4, Vila Primeiro De Maio, São Paulo, SP, Brasil",Ouro
Dom das Neves,24837051979,"Trecho de Araújo, 435, Laranjeiras, São Paulo, SP, Brasil",Bronze
Dra. Júlia Barbosa,91274863031,"Ladeira Pimenta, 35, Sagrada Família, São Paulo, SP, Brasil",Bronze
Levi Caldeira,40195387600,"Passarela Emanuella Pastor, 321, Vila Maloca, São Paulo, SP, Brasil",Básico
João Felipe Vargas,05834219624,"Núcleo Vasconcelos, 201, Bela Vitoria, São Paulo, SP, Brasil",Prata
Isabel Pires,71638094500,"Via Mateus Santos, 20, Lagoinha Leblon, São Paulo, SP, Brasil",Básico
Ana Cecília Cavalcante,41673829031,"Avenida de Cirino, 72, Alípio De Melo, São Paulo, SP, Brasil",Ouro
Pedro Miguel Pacheco,10349628769,"Recanto Novais, 678, Túnel De Ibirité, São Paulo, SP, Brasil",Bronze
Dr. Benício Lopes,79834162537,"Parque da Mata, 5, Dom Joaquim, São Paulo, SP, Brasil",Prata
Leonardo da Rosa,59316270499,"Estação Lívia da Luz, 9, Lagoinha Leblon, São Paulo, SP, Brasil",Prata
Ravi Lucca Araújo,05892176401,"Largo Gabrielly Macedo, 45, Concórdia, São Paulo, SP, Brasil",Diamante
Stella da Rosa,03482957150,"Vereda Machado, 9, Lorena, São Paulo, SP, Brasil",Básico
Giovanna Casa Grande,15062478308,"Vereda Costa, 31, Vila Novo São Lucas, São Paulo, SP, Brasil",Básico
Bento Oliveira,97048361557,"Fazenda Luísa Rodrigues, 9, Santa Tereza, São Paulo, SP, Brasil",Ouro
Lunna da Rosa,78064231922,"Vereda de Cunha, 5, Indaiá, São Paulo, SP, Brasil",Prata
Luigi Viana,15749862011,"Viela Luiz Miguel da Luz, 48, Estrela, São Paulo, SP, Brasil",Bronze
Dra. Yasmin Barros,39216548746,"Lagoa de da Cruz, 8, Cidade Jardim Taquaril, São Paulo, SP, Brasil",Diamante
Sr. Otto Caldeira,81579462049,"Área Rodrigues, 66, Cabana Do Pai Tomás, São Paulo, SP, Brasil",Básico
Antônio Vieira,10427569885,"Fazenda da Rosa, 99, Barão Homem De Melo 1ª Seção, São Paulo, SP, Brasil",Diamante
Valentina Carvalho,14057986375,"Loteamento Campos, 15, Carmo, São Paulo, SP, Brasil",Prata
Ana Vitória da Mota,86430721922,"Parque Ágatha Rodrigues, 72, Petropolis, São Paulo, SP, Brasil",Básico
Nina Vieira,78564019230,"Avenida de Novaes, 75, Ernesto Nascimento, São Paulo, SP, Brasil",Prata
Isabella Sá,45981326042,"Jardim Camargo, 3, Grotinha, São Paulo, SP, Brasil",Básico
Clara Rodrigues,09268541785,"Aeroporto Sá, 74, Bairro Das Indústrias Ii, São Paulo, SP, Brasil",Bronze
Mateus da Mota,14937568264,"Vereda de Martins, 7, Conjunto Taquaril, São Paulo, SP, Brasil",Prata
Dr. Guilherme Fogaça,50714283932,"Chácara Alícia Moura, 26, Savassi, São Paulo, SP, Brasil",Bronze
Valentina Vargas,09783412604,"Chácara Pinto, 73, Marieta 3ª Seção, São Paulo, SP, Brasil",Básico
João Vitor Sales,80712965467,"Condomínio Melina Rocha, 91, Vila Copacabana, São Paulo, SP, Brasil",Bronze
Luiz Fernando da Luz,12879406501,"Condomínio de Santos, 32, Mantiqueira, São Paulo, SP, Brasil",Prata
Stephany Fogaça,65089137277,"Lagoa de Santos, 32, Lourdes, São Paulo, SP, Brasil",Bronze
Henry Gabriel Costela,81953602460,"Parque de Lima, 422, Tirol, São Paulo, SP, Brasil",Bronze
Sra. Giovanna Albuquerque,97832460547,"Avenida de Dias, 2, Laranjeiras, São Paulo, SP, Brasil",Prata
Maria Alice da Cunha,21504739680,"Estação Cecilia da Cunha, 399, Santa Terezinha, São Paulo, SP, Brasil",Diamante
Josué Alves,39871265077,"Condomínio de Viana, 518, Itatiaia, São Paulo, SP, Brasil",Prata
Dom Martins,47081659276,"Colônia Aparecida, 80, Vila Cloris, São Paulo, SP, Brasil",Ouro
Pedro Miguel Teixeira,41986230740,"Favela Mariah Vasconcelos, 474, Califórnia, São Paulo, SP, Brasil",Ouro
Caio das Neves,48639715246,"Trevo de Fonseca, 481, Pilar, São Paulo, SP, Brasil",Prata
Maria Vitória Montenegro,94872106369,"Largo de Fernandes, 44, Vila Sumaré, São Paulo, SP, Brasil",Ouro
Heloisa Rodrigues,26408753108,"Estrada Diogo Garcia, 39, Jardim América, São Paulo, SP, Brasil",Ouro
Gabriela da Mota,86735109457,"Largo de Albuquerque, 56, Ventosa, São Paulo, SP, Brasil",Diamante
Renan Sampaio,92346810703,"Setor de Fernandes, 86, Marieta 1ª Seção, São Paulo, SP, Brasil",Diamante
Caio Azevedo,74358962173,"Favela de Lopes, 4, Pilar, São Paulo, SP, Brasil",Bronze
Srta. Heloisa Campos,59478320114,"Chácara Costa, 437, Graça, São Paulo, SP, Brasil",Básico
Vitor Gabriel Lopes,13280976413,"Alameda de Rios, 30, Boa Esperança, São Paulo, SP, Brasil",Ouro
Ana Laura da Costa,57693214828,"Praia Marina Pimenta, 94, São Damião, São Paulo, SP, Brasil",Ouro
Ísis Ramos,23970864178,"Trecho Gustavo Henrique Jesus, 39, Monte São José, São Paulo, SP, Brasil",Bronze
Antony da Luz,85297436109,"Sítio Sophia Leão, 361, Vila Nossa Senhora Do Rosário, São Paulo, SP, Brasil",Prata
Josué Camargo,89410375657,"Alameda Monteiro, 712, Jardim Montanhês, São Paulo, SP, Brasil",Bronze
Heloísa Sampaio,75624083190,"Estação Siqueira, 50, Andiroba, São Paulo, SP, Brasil",Bronze
Maria Vitória Abreu,16495820305,"Passarela Sarah Aragão, 53, Vila Esplanada, São Paulo, SP, Brasil",Bronze
Alana Martins,95208637456,"Lago de Abreu, 84, Copacabana, São Paulo, SP, Brasil",Prata
João Guilherme Pereira,82790513686,"Avenida de Gomes, 61, Satelite, São Paulo, SP, Brasil",Prata
Yan Moura,52631078977,"Feira Ana Julia Vargas, 12, Conjunto Celso Machado, São Paulo, SP, Brasil",Diamante
Enrico Fernandes,93408712514,"Avenida de Silveira, 782, Satelite, São Paulo, SP, Brasil",Diamante
Rafael Sales,96328457146,"Trevo de da Costa, 15, Cruzeiro, São Paulo, SP, Brasil",Prata
Erick Vargas,16790432507,"Residencial de das Neves, 81, Mantiqueira, São Paulo, SP, Brasil",Diamante
Maria Alice Porto,51046938720,"Aeroporto Carvalho, 516, Vila Suzana Segunda Seção, São Paulo, SP, Brasil",Diamante
Diogo da Mota,79832451060,"Campo Natália Melo, 27, Vila Copasa, São Paulo, SP, Brasil",Básico
Isaac Pires,15497630839,"Aeroporto de Correia, 12, Cruzeiro, São Paulo, SP, Brasil",Ouro
Srta. Maria Laura Porto,80594716357,"Sítio de Macedo, 9, Varzea Da Palma, São Paulo, SP, Brasil",Prata
Enzo Ramos,03495218670,"Travessa Souza, 26, Canaa, São Paulo, SP, Brasil",Bronze
Vitória Moreira,10758293488,"Trevo de Aparecida, 3, Minaslandia, São Paulo, SP, Brasil",Bronze
Helena Rodrigues,72586043910,"Rodovia de Brito, 60, Campo Alegre, São Paulo, SP, Brasil",Prata
Dr. Lucas Gabriel Martins,08457261967,"Conjunto de Cassiano, 35, Nova Pampulha, São Paulo, SP, Brasil",Básico
Sr. Raul Garcia,28541360989,"Trevo Marina Oliveira, 31, Frei Leopoldo, São Paulo, SP, Brasil",Ouro
Luiza Câmara,03156498793,"Trecho Arthur Miguel Pastor, 82, Vila Pinho, São Paulo, SP, Brasil",Básico
Camila Pacheco,58127406317,"Estação de Azevedo, 37, Conjunto Celso Machado, São Paulo, SP, Brasil",Bronze
Beatriz Cardoso,81064257380,"Condomínio de Cardoso, 21, Santa Monica, São Paulo, SP, Brasil",Diamante
Ana Lívia Castro,28157643937,"Trevo de Pastor, 60, Vila Nova Cachoeirinha 2ª Seção, São Paulo, SP, Brasil",Ouro
Lara da Rocha,79830512479,"Avenida Moura, 711, Marilandia, São Paulo, SP, Brasil",Prata
Luiz Gustavo Mendes,96715402876,"Favela Ana Julia Monteiro, 175, Monsenhor Messias, São Paulo, SP, Brasil",Bronze
Antony Vieira,48293571004,"Ladeira Pedro Miguel Jesus, 85, Pompéia, São Paulo, SP, Brasil",Ouro
Theo Cavalcanti,64132708969,"Ladeira de Castro, 83, Coração De Jesus, São Paulo, SP, Brasil",Diamante
Jade Caldeira,45079631848,"Passarela de Albuquerque, 1, Boa Esperança, São Paulo, SP, Brasil",Prata
João Pedro Fernandes,05986214315,"Núcleo Moreira, 580, Vila Mantiqueira, São Paulo, SP, Brasil",Ouro
Ana Luiza Fogaça,78154396084,"Passarela Agatha Campos, 89, Bandeirantes, São Paulo, SP, Brasil",Básico
Dr. Isaac Pinto,06432859115,"Ladeira Dias, 62, Conjunto Califórnia I, São Paulo, SP, Brasil",Ouro
Mariah Dias,31795640839,"Via de Novais, 10, Jatobá, São Paulo, SP, Brasil",Ouro
Kevin Silveira,28943670583,"Recanto Abreu, 103, Túnel De Ibirité, São Paulo, SP, Brasil",Diamante
Marina Rodrigues,81573024635,"Travessa de Rodrigues, 7, Tirol, São Paulo, SP, Brasil",Ouro
Sophia Ramos,30249178613,"Lagoa Rebeca Pimenta, 835, Conjunto Santa Maria, São Paulo, SP, Brasil",Diamante
Yago Aparecida,48376910566,"Condomínio Leão, 26, Santa Lúcia, São Paulo, SP, Brasil",Prata
Leandro Carvalho,13490725670,"Feira Porto, 916, Aarão Reis, São Paulo, SP, Brasil",Bronze
Sra. Agatha Nascimento,45387261928,"Viela Aragão, 840, Gameleira, São Paulo, SP, Brasil",Ouro
Dra. Mirella Ribeiro,35498106289,"Favela Cauã Costa, 17, Boa Vista, São Paulo, SP, Brasil",Ouro
Srta. Liz Casa Grande,25160943889,"Setor Rezende, 73, Concórdia, São Paulo, SP, Brasil",Prata
João Miguel Albuquerque,71654908339,"Largo Aparecida, 91, Calafate, São Paulo, SP, Brasil",Diamante
Lucca Mendonça,50217493661,"Núcleo Albuquerque, 58, Vila Das Oliveiras, São Paulo, SP, Brasil",Prata
João Miguel Santos,15706398410,"Recanto Ágatha Rios, 12, Chácara Leonina, São Paulo, SP, Brasil",Básico
Sr. Luiz Fernando Correia,84256079300,"Trevo Kevin da Luz, 84, Floresta, São Paulo, SP, Brasil",Bronze
Emanuelly Leão,96308412589,"Jardim Ravy Duarte, 12, Laranjeiras, São Paulo, SP, Brasil",Ouro
Sr. Antony Sá,86074519285,"Parque de Melo, 20, Santa Isabel, São Paulo, SP, Brasil",Bronze
Ana Cecília Cavalcante,18762035959,"Parque Yuri Garcia, 83, Glória, São Paulo, SP, Brasil",Ouro
Laura Nascimento,69208547329,"Setor de da Rosa, 4, Vila Madre Gertrudes 3ª Seção, São Paulo, SP, Brasil",Diamante
Emanuella Gonçalves,14306758966,"Trevo Bianca Farias, 69, Cônego Pinheiro 2ª Seção, São Paulo, SP, Brasil",Diamante
Sarah Fernandes,20564398756,"Fazenda Ana Sophia Santos, 320, Savassi, São Paulo, SP, Brasil",Bronze
Manuela Aragão,48635927109,"Quadra Duarte, 43, Solimoes, São Paulo, SP, Brasil",Prata
Daniel Vasconcelos,80512463905,"Esplanada Leonardo Ribeiro, 85, Vila Nova Gameleira 2ª Seção, São Paulo, SP, Brasil",Prata
Pedro Correia,24638570135,"Quadra Emilly Abreu, 888, Mala E Cuia, São Paulo, SP, Brasil",Diamante
Marcela da Mota,19247058694,"Vila Marcelo Aparecida, 44, Santa Efigênia, São Paulo, SP, Brasil",Bronze
Sra. Esther Moreira,28465130906,"Morro de Correia, 737, Bairro Das Indústrias Ii, São Paulo, SP, Brasil",Ouro
Srta. Ana Luiza da Costa,02746539829,"Via Silveira, 52, Silveira, São Paulo, SP, Brasil",Diamante
Sr. Benício Rodrigues,92150783630,"Viela Kamilly Rodrigues, 54, Padre Eustáquio, São Paulo, SP, Brasil",Ouro
José Cunha,08796423510,"Área Yasmin Peixoto, 53, Serra, São Paulo, SP, Brasil",Diamante
Theo Casa Grande,03861754975,"Estrada Vasconcelos, 690, São Vicente, São Paulo, SP, Brasil",Diamante
Laís Santos,06798453210,"Feira Yan Mendonça, 31, Canaa, São Paulo, SP, Brasil",Básico
Olivia Ribeiro,67143290599,"Fazenda de da Paz, 699, Paquetá, São Paulo, SP, Brasil",Diamante
Pietro Campos,64192073803,"Praia Otto Fonseca, 14, Biquinhas, São Paulo, SP, Brasil",Ouro
Sra. Ana Laura Monteiro,60158294351,"Morro Alana Pires, 80, Vila Suzana Segunda Seção, São Paulo, SP, Brasil",Ouro
Sr. Marcelo Silva,90138472505,"Praia Matheus Moreira, 8, Fernão Dias, São Paulo, SP, Brasil",Bronze
Manuella da Luz,68724391069,"Via Sabrina Freitas, 91, Vila Jardim Leblon, São Paulo, SP, Brasil",Ouro
Srta. Maria Laura Montenegro,13642785964,"Favela Mendonça, 9, Guarani, São Paulo, SP, Brasil",Básico
João Vitor Cavalcante,10827495323,"Viaduto Renan Nunes, 10, Cidade Nova, São Paulo, SP, Brasil",Prata
Luiz Fernando Abreu,68031579202,"Área Dias, 59, Itaipu, São Paulo, SP, Brasil",Básico
Mathias Cavalcanti,03627514980,"Condomínio Ágatha da Rosa, 81, Laranjeiras, São Paulo, SP, Brasil",Básico
Léo Câmara,03197254643,"Esplanada Evelyn Vargas, 335, Vila Madre Gertrudes 1ª Seção, São Paulo, SP, Brasil",Diamante
Dra. Aurora Fonseca,95247186001,"Pátio Silveira, 30, Venda Nova, São Paulo, SP, Brasil",Bronze
Ester Araújo,30971825432,"Trecho de Cardoso, 840, Vila Real 1ª Seção, São Paulo, SP, Brasil",Ouro
Sr. Luiz Gustavo Souza,08792516467,"Estação de Silva, 34, Copacabana, São Paulo, SP, Brasil",Prata
Nicole Borges,62534187007,"Parque da Paz, 27, Vila Nova Gameleira 2ª Seção, São Paulo, SP, Brasil",Bronze
Vitória da Rosa,84792651328,"Largo Alves, 67, Santa Rita, São Paulo, SP, Brasil",Ouro
Emanuel Duarte,87921043550,"Via Isadora Camargo, 3, Liberdade, São Paulo, SP, Brasil",Diamante
Calebe Cavalcante,10634987593,"Aeroporto de Azevedo, 4, Canaa, São Paulo, SP, Brasil",Ouro
Bianca Pinto,76319420561,"Área Bernardo Souza, 8, Vila São Dimas, São Paulo, SP, Brasil",Básico
Dra. Manuela Monteiro,84059621315,"Favela de Marques, 20, São Pedro, São Paulo, SP, Brasil",Básico
Sarah Rodrigues,20184579694,"Alameda Gustavo Vargas, 61, Nossa Senhora Aparecida, São Paulo, SP, Brasil",Ouro
Vinicius Fogaça,67420583900,"Sítio de da Costa, 3, Vila Vista Alegre, São Paulo, SP, Brasil",Diamante
Davi Lucas Nogueira,76819203403,"Estação de Brito, 568, Mantiqueira, São Paulo, SP, Brasil",Básico
Vicente Moraes,73925146016,"Trevo de Albuquerque, 37, Buritis, São Paulo, SP, Brasil",Básico
Luna Costela,92150387441,"Feira Ferreira, 70, Acaiaca, São Paulo, SP, Brasil",Ouro
Ayla Pacheco,26813749013,"Praça Nunes, 21, Vila Copacabana, São Paulo, SP, Brasil",Bronze
Pietra Porto,81053947666,"Trecho Pietro Cardoso, 596, Vila Ipiranga, São Paulo, SP, Brasil",Prata
Sr. Raul Pimenta,38254107904,"Parque Teixeira, 44, Vila Jardim Leblon, São Paulo, SP, Brasil",Bronze
João Lucas Guerra,18436075226,"Morro de Novais, 70, Vila Ecológica, São Paulo, SP, Brasil",Ouro
Esther Moraes,30854176217,"Fazenda de Costa, 3, Vila Independencia 1ª Seção, São Paulo, SP, Brasil",Bronze
Marcelo da Cruz,64109587301,"Lago de Ramos, 449, Cônego Pinheiro 2ª Seção, São Paulo, SP, Brasil",Prata
Luiza Costela,02318547904,"Parque de Abreu, 6, Vila Nova Gameleira 3ª Seção, São Paulo, SP, Brasil",Prata
Gabrielly Garcia,92386154033,"Viaduto Melissa das Neves, 117, Europa, São Paulo, SP, Brasil",Diamante
Sra. Daniela Sampaio,25710349607,"Estação de Sousa, 62, Vitoria, São Paulo, SP, Brasil",Ouro
Dra. Vitória Vasconcelos,57198240658,"Área de Andrade, 74, Nossa Senhora De Fátima, São Paulo, SP, Brasil",Bronze
Srta. Camila Alves,92145038779,"Vila Barros, 52, São João, São Paulo, SP, Brasil",Ouro
Bento da Mata,12357948655,"Loteamento Machado, 47, Vila Ouro Minas, São Paulo, SP, Brasil",Prata
Sophia Monteiro,28306514998,"Lago Maria Correia, 535, Miramar, São Paulo, SP, Brasil",Diamante
Sra. Alice Vasconcelos,08357912460,"Lagoa Carvalho, 916, Vitoria, São Paulo, SP, Brasil",Bronze
Stella Garcia,21785609467,"Recanto de Borges, 70, Apolonia, São Paulo, SP, Brasil",Básico
Ana Sophia Lima,09483572150,"Colônia Santos, 26, Vila Nova Cachoeirinha 2ª Seção, São Paulo, SP, Brasil",Básico
Raul Aparecida,65032147907,"Área de Nunes, 1, Barão Homem De Melo 2ª Seção, São Paulo, SP, Brasil",Ouro
Sr. Arthur Lopes,67934258038,"Ladeira Pietra Cunha, 48, Santa Margarida, São Paulo, SP, Brasil",Básico
Daniel Camargo,39075261470,"Praia Alexia da Costa, 4, Conjunto Novo Dom Bosco, São Paulo, SP, Brasil",Diamante
Agatha Nunes,62748390547,"Pátio Anthony Gabriel Cunha, 60, Jardim Guanabara, São Paulo, SP, Brasil",Básico
Sofia da Mata,39287504610,"Travessa Marques, 32, Nazare, São Paulo, SP, Brasil",Ouro
Maria Vitória Pereira,96251730480,"Esplanada de Campos, 3, Nova Pampulha, São Paulo, SP, Brasil",Prata
Yasmin Dias,67851049202,"Passarela Gomes, 67, Mineirão, São Paulo, SP, Brasil",Diamante
Hadassa Oliveira,80675341957,"Rodovia Antony Abreu, 22, Boa União 1ª Seção, São Paulo, SP, Brasil",Diamante
Ana Carolina Ribeiro,83251796437,"Loteamento Vitor Hugo Pinto, 40, Brasil Industrial, São Paulo, SP, Brasil",Prata
Srta. Maria Helena Gomes,72091846350,"Lago Araújo, 65, Jardim Alvorada, São Paulo, SP, Brasil",Bronze
Srta. Beatriz Machado,91382076568,"Trevo de Aparecida, 22, Vila Jardim São José, São Paulo, SP, Brasil",Bronze
Luiz Felipe da Paz,76431850262,"Colônia Freitas, 933, Vila Da Luz, São Paulo, SP, Brasil",Diamante
Luigi Casa Grande,41307569820,"Colônia Siqueira, 63, Nazare, São Paulo, SP, Brasil",Básico
Larissa Vasconcelos,89765134010,"Ladeira Araújo, 90, Acaiaca, São Paulo, SP, Brasil",Bronze
Sra. Alana Almeida,17289536002,"Ladeira Agatha Pastor, 90, Biquinhas, São Paulo, SP, Brasil",Ouro
Maria Laura Rios,87240561380,"Vale Luísa da Mota, 306, Vila São Dimas, São Paulo, SP, Brasil",Prata
Alice Moreira,27489501601,"Ladeira Vinícius Ferreira, 60, Maria Tereza, São Paulo, SP, Brasil",Prata
Luana Moraes,43710258626,"Favela Lopes, 64, Mirtes, São Paulo, SP, Brasil",Bronze
Breno Ferreira,79463218050,"Loteamento Araújo, 20, São Salvador, São Paulo, SP, Brasil",Ouro
Srta. Nina da Luz,79651843209,"Quadra Carvalho, 74, Bonsucesso, São Paulo, SP, Brasil",Bronze
Matteo Machado,17243068987,"Residencial Sara Fonseca, 984, Cdi Jatoba, São Paulo, SP, Brasil",Diamante
Dr. Igor Sales,98451627382,"Setor Enzo Duarte, 430, Vila Real 2ª Seção, São Paulo, SP, Brasil",Diamante
Brenda Teixeira,08475639283,"Distrito de Melo, 626, Itaipu, São Paulo, SP, Brasil",Prata
Brenda Fernandes,45023861708,"Vale Esther Aragão, 41, São Jorge 2ª Seção, São Paulo, SP, Brasil",Bronze
Henry Gabriel da Conceição,35469087166,"Pátio de Rezende, 129, Vila Jardim Leblon, São Paulo, SP, Brasil",Básico
Lucca Fogaça,01849765294,"Distrito de Moura, 46, Cinquentenário, São Paulo, SP, Brasil",Diamante
Lívia da Paz,47102586353,"Favela Farias, 61, Juliana, São Paulo, SP, Brasil",Diamante
Lorena Rezende,24607859176,"Praia Almeida, 679, Betânia, São Paulo, SP, Brasil",Diamante
José Pedro Guerra,28430179631,"Loteamento Mendes, 94, Bom Jesus, São Paulo, SP, Brasil",Básico
Enrico Campos,10687524911,"Loteamento Ayla Correia, 54, Vila Esplanada, São Paulo, SP, Brasil",Diamante
Zoe Freitas,90754126307,"Passarela Gael Henrique Abreu, 98, Conjunto Celso Machado, São Paulo, SP, Brasil",Diamante
Rebeca Brito,14876250308,"Esplanada da Cruz, 6, Vila São Paulo, São Paulo, SP, Brasil",Básico
José Pedro Melo,58369120768,"Feira de Costela, 4, Castelo, São Paulo, SP, Brasil",Ouro
